"Rank","County","State","Causal Effects on Household Income in Adulthood by County"
1,"Sioux","Iowa",34.9
2,"Cedar","Nebraska",33.1
3,"Lyon","Iowa",32.8
4,"Nemaha","Kansas",32.6
5,"Duchesne","Utah",31
6,"Hutchinson","South Dakota",30.8
7,"Boone","Nebraska",30
8,"Spink","South Dakota",29.8
9,"Clay","Nebraska",29.6
10,"Colfax","Nebraska",29.5
11,"Grundy","Iowa",29.3
12,"Stark","North Dakota",29
13,"Williams","North Dakota",28.7
14,"Bottineau","North Dakota",28.6
15,"Butler","Iowa",28
16,"Cuming","Nebraska",27.9
17,"Morgan","Utah",27.8
18,"Kossuth","Iowa",27.7
19,"Yuma","Colorado",27.7
20,"Richland","North Dakota",27.3
21,"Richland","Montana",27
22,"Pierce","Nebraska",27
23,"Ida","Iowa",27
24,"Turner","South Dakota",26.9
25,"Campbell","Wyoming",26.6
26,"Kingsbury","South Dakota",26.4
27,"Mercer","North Dakota",26.4
28,"Redwood","Minnesota",26.4
29,"Stevens","Minnesota",26.3
30,"Carroll","Iowa",26.2
31,"Plymouth","Iowa",26.2
32,"Sac","Iowa",26
33,"Pepin","Wisconsin",25.7
34,"Chippewa","Minnesota",25.6
35,"Brown","Minnesota",25.5
36,"Pipestone","Minnesota",25.3
37,"Chickasaw","Iowa",25.3
38,"Lagrange","Indiana",25.3
39,"Saline","Nebraska",25.3
40,"Swift","Minnesota",25.2
41,"Ochiltree","Texas",25.2
42,"O Brien","Iowa",25
43,"Delaware","Iowa",24.9
44,"Andrews","Texas",24.7
45,"Weston","Wyoming",24.6
46,"Marshall","Kansas",24.6
47,"Knox","Nebraska",24.6
48,"Palo Alto","Iowa",24.6
49,"Winneshiek","Iowa",24.5
50,"Dubois","Indiana",24.3
51,"Renville","Minnesota",24.2
52,"Platte","Nebraska",24.1
53,"Uintah","Utah",24
54,"Lincoln","South Dakota",24
55,"Clayton","Iowa",23.8
56,"Howard","Iowa",23.7
57,"Emery","Utah",23.6
58,"Traill","North Dakota",23.6
59,"Summit","Utah",23.3
60,"Cottonwood","Minnesota",23.3
61,"Holt","Nebraska",23.2
62,"Barnes","North Dakota",23.1
63,"Converse","Wyoming",22.9
64,"Butler","Nebraska",22.8
65,"Yellow Medicine","Minnesota",22.8
66,"Marshall","Minnesota",22.8
67,"Hancock","Iowa",22.7
68,"Morton","North Dakota",22.6
69,"Wabasha","Minnesota",22.5
70,"Jefferson","Nebraska",22.5
71,"Washita","Oklahoma",22.4
72,"Crawford","Iowa",22.4
73,"Bremer","Iowa",22.4
74,"Calhoun","Iowa",22.3
75,"York","Nebraska",22.2
76,"Cedar","Iowa",22.2
77,"Sibley","Minnesota",22.2
78,"Saunders","Nebraska",22.2
79,"Lafayette","Wisconsin",22.2
80,"Lac Qui Parle","Minnesota",22.1
81,"Rock","Minnesota",22.1
82,"Kingman","Kansas",22.1
83,"Pope","Minnesota",22
84,"Dawson","Montana",21.9
85,"Buchanan","Iowa",21.8
86,"Humboldt","Iowa",21.7
87,"Beckham","Oklahoma",21.7
88,"Moffat","Colorado",21.6
89,"Union","South Dakota",21.6
90,"Nobles","Minnesota",21.6
91,"Franklin","Idaho",21.6
92,"Le Sueur","Minnesota",21.4
93,"Emmet","Iowa",21.3
94,"Putnam","Ohio",21.2
95,"Custer","Nebraska",21.2
96,"Murray","Minnesota",21.1
97,"Kewaunee","Wisconsin",21
98,"Todd","Minnesota",21
99,"Bear Lake","Idaho",20.8
100,"Iowa","Iowa",20.8
101,"Seward","Nebraska",20.7
102,"Mitchell","Kansas",20.6
103,"Carver","Minnesota",20.6
104,"Calumet","Wisconsin",20.6
105,"Lyon","Minnesota",20.5
106,"Lake","South Dakota",20.5
107,"Antelope","Nebraska",20.5
108,"St Croix","Wisconsin",20.5
109,"Phelps","Nebraska",20.3
110,"Monroe","Illinois",20.3
111,"Jackson","Iowa",20.3
112,"Osage","Missouri",20.2
113,"Meeker","Minnesota",19.9
114,"Fairfax City","Virginia",19.9
115,"Pocahontas","Iowa",19.8
116,"Fayette","Iowa",19.7
117,"Red Willow","Nebraska",19.6
118,"McLeod","Minnesota",19.5
119,"Big Horn","Wyoming",19.4
120,"Garfield","Colorado",19.4
121,"Benton","Iowa",19.3
122,"Cherokee","Iowa",19.3
123,"Pecos","Texas",19.3
124,"Hamilton","Illinois",19.3
125,"Washington","Illinois",19.3
126,"Montague","Texas",19.3
127,"Walsh","North Dakota",19.3
128,"Poweshiek","Iowa",19.2
129,"Hamilton","Nebraska",19.2
130,"Hardin","Iowa",19.2
131,"Clay","Iowa",19.2
132,"Winnebago","Iowa",19.2
133,"Allamakee","Iowa",19.1
134,"Nicollet","Minnesota",19.1
135,"Cheyenne","Nebraska",19.1
136,"Poquoson City","Virginia",19
137,"Pierce","Wisconsin",19
138,"Polk","Minnesota",19
139,"Clinton","Illinois",18.9
140,"Millard","Utah",18.9
141,"Platte","Wyoming",18.8
142,"Keokuk","Iowa",18.7
143,"Kingfisher","Oklahoma",18.7
144,"Sweetwater","Wyoming",18.7
145,"Jefferson","Kansas",18.6
146,"Houston","Minnesota",18.6
147,"Box Elder","Utah",18.6
148,"Juab","Utah",18.6
149,"Madison","Iowa",18.5
150,"Harrison","Iowa",18.5
151,"Jones","Iowa",18.4
152,"Buena Vista","Iowa",18.4
153,"Mitchell","Iowa",18.4
154,"Caribou","Idaho",18.4
155,"Grant","South Dakota",18.3
156,"Pottawatomie","Kansas",18.3
157,"Wadena","Minnesota",18.3
158,"Stearns","Minnesota",18.3
159,"Marion","Kansas",18.3
160,"Sheridan","Wyoming",18.2
161,"Douglas","Minnesota",18.2
162,"Wright","Iowa",18.1
163,"Pembina","North Dakota",18.1
164,"Roseau","Minnesota",18.1
165,"Hamilton","Iowa",18.1
166,"Trempealeau","Wisconsin",18.1
167,"Cassia","Idaho",18.1
168,"Ellis","Kansas",18
169,"Benton","Minnesota",18
170,"Jackson","Minnesota",18
171,"Johnson","Texas",18
172,"Waseca","Minnesota",17.9
173,"McLean","North Dakota",17.9
174,"Buffalo","Wisconsin",17.9
175,"Chariton","Missouri",17.9
176,"Reeves","Texas",17.8
177,"Shelby","Iowa",17.6
178,"Wasatch","Utah",17.6
179,"Pennington","Minnesota",17.6
180,"Lincoln","Wyoming",17.5
181,"Dakota","Nebraska",17.5
182,"Yankton","South Dakota",17.5
183,"Uinta","Wyoming",17.4
184,"Coffey","Kansas",17.4
185,"Warren","Iowa",17.3
186,"Faribault","Minnesota",17.3
187,"Perry","Pennsylvania",17.3
188,"Jasper","Illinois",17.3
189,"Franklin","Iowa",17.2
190,"Perry","Missouri",17.1
191,"Box Butte","Nebraska",17.1
192,"Dodge","Minnesota",17.1
193,"Burt","Nebraska",17.1
194,"Nodaway","Missouri",17
195,"Gaines","Texas",17
196,"Iowa","Wisconsin",17
197,"Lucas","Iowa",16.9
198,"Carroll","Missouri",16.9
199,"Davison","South Dakota",16.8
200,"Douglas","Illinois",16.8
201,"Taylor","Wisconsin",16.7
202,"Ward","North Dakota",16.7
203,"Delta","Colorado",16.7
204,"Clay","Kansas",16.7
205,"Mercer","Ohio",16.7
206,"Pratt","Kansas",16.5
207,"Morrison","Minnesota",16.5
208,"Kandiyohi","Minnesota",16.5
209,"Ward","Texas",16.5
210,"Dunn","Wisconsin",16.5
211,"Piatt","Illinois",16.5
212,"Stutsman","North Dakota",16.4
213,"Natrona","Wyoming",16.4
214,"Gooding","Idaho",16.3
215,"Fillmore","Minnesota",16.3
216,"Scurry","Texas",16.3
217,"Jackson","Kansas",16.2
218,"Jones","Texas",16.2
219,"Green Lake","Wisconsin",16.1
220,"Tama","Iowa",16.1
221,"Linn","Missouri",16.1
222,"Custer","Montana",16.1
223,"Brown","South Dakota",16
224,"Goodhue","Minnesota",16
225,"Codington","South Dakota",16
226,"Gage","Nebraska",16
227,"Utah","Utah",16
228,"Dickenson","Virginia",15.9
229,"Ector","Texas",15.9
230,"Ottawa","Michigan",15.9
231,"Washington","Nebraska",15.9
232,"Beadle","South Dakota",15.9
233,"Madison","Nebraska",15.9
234,"Mahaska","Iowa",15.9
235,"Sevier","Utah",15.8
236,"Cooke","Texas",15.8
237,"Whitman","Washington",15.8
238,"Wright","Minnesota",15.8
239,"Texas","Oklahoma",15.7
240,"Van Buren","Iowa",15.7
241,"Brookings","South Dakota",15.6
242,"Portage","Wisconsin",15.6
243,"Anderson","Kansas",15.6
244,"Eagle","Colorado",15.6
245,"Richardson","Nebraska",15.6
246,"Sanders","Montana",15.5
247,"Meade","South Dakota",15.5
248,"Park","Wyoming",15.4
249,"Buffalo","Nebraska",15.4
250,"Union","Iowa",15.4
251,"Cass","Iowa",15.3
252,"Otter Tail","Minnesota",15.3
253,"Woodford","Illinois",15.3
254,"Sanpete","Utah",15.3
255,"Floyd","Iowa",15.3
256,"Clark","Wisconsin",15.3
257,"Woodward","Oklahoma",15.3
258,"Dickinson","Iowa",15.3
259,"Martin","Indiana",15.2
260,"Cloud","Kansas",15.2
261,"Brown","Kansas",15.1
262,"Dupage","Illinois",15.1
263,"Door","Wisconsin",15.1
264,"Montgomery","Iowa",15
265,"Dubuque","Iowa",15
266,"Manassas Park City","Virginia",15
267,"Greene","Iowa",15
268,"Holmes","Ohio",15
269,"Dawson","Nebraska",14.9
270,"Scott","Minnesota",14.9
271,"Barton","Kansas",14.9
272,"Cache","Utah",14.9
273,"Monona","Iowa",14.8
274,"Dodge","Nebraska",14.8
275,"Isanti","Minnesota",14.8
276,"Lee","Texas",14.7
277,"Marion","Iowa",14.7
278,"Washington","Minnesota",14.7
279,"Kendall","Illinois",14.7
280,"Butte","South Dakota",14.7
281,"Jasper","Indiana",14.7
282,"Mills","Iowa",14.6
283,"Benton","Indiana",14.6
284,"Lewis","New York",14.6
285,"Young","Texas",14.6
286,"Page","Iowa",14.5
287,"Shelby","Illinois",14.5
288,"Dakota","Minnesota",14.5
289,"Wells","Indiana",14.5
290,"Fulton","Pennsylvania",14.5
291,"Hockley","Texas",14.5
292,"Clay","Minnesota",14.5
293,"Jo Daviess","Illinois",14.4
294,"Tolland","Connecticut",14.4
295,"Guthrie","Iowa",14.4
296,"Chippewa","Wisconsin",14.4
297,"Kenai Peninsula","Alaska",14.4
298,"Snohomish","Washington",14.4
299,"Monroe","Ohio",14.3
300,"Grant","Wisconsin",14.2
301,"Burleigh","North Dakota",14.2
302,"Bergen","New Jersey",14.1
303,"Spencer","Indiana",14.1
304,"Buchanan","Virginia",14.1
305,"Ozaukee","Wisconsin",14.1
306,"Juniata","Pennsylvania",14
307,"Lawrence","South Dakota",14
308,"Jefferson","Colorado",14
309,"Cumberland","Pennsylvania",14
310,"Carbon","Wyoming",13.9
311,"Otoe","Nebraska",13.9
312,"Rusk","Wisconsin",13.9
313,"Midland","Texas",13.8
314,"Sullivan","Indiana",13.8
315,"Atchison","Kansas",13.8
316,"Medina","Ohio",13.8
317,"Lewis","Missouri",13.8
318,"Franklin","Arkansas",13.7
319,"Ripley","Indiana",13.7
320,"Hendricks","Indiana",13.7
321,"Effingham","Illinois",13.7
322,"Callahan","Texas",13.6
323,"Minidoka","Idaho",13.6
324,"Somerset","Pennsylvania",13.6
325,"Henry","Iowa",13.6
326,"Conejos","Colorado",13.6
327,"Fountain","Indiana",13.6
328,"Martin","Minnesota",13.6
329,"Madison","Idaho",13.6
330,"Louisa","Iowa",13.6
331,"Mesa","Colorado",13.5
332,"Livingston","Illinois",13.5
333,"Bates","Missouri",13.5
334,"Carbon","Utah",13.5
335,"Polk","Wisconsin",13.4
336,"Chisago","Minnesota",13.4
337,"Wyandot","Ohio",13.4
338,"Hancock","Illinois",13.4
339,"Humboldt","Nevada",13.4
340,"Caldwell","Missouri",13.3
341,"Custer","Oklahoma",13.3
342,"McClain","Oklahoma",13.3
343,"Wayne","Illinois",13.3
344,"Wood","Texas",13.3
345,"Bucks","Pennsylvania",13.3
346,"Dodge","Wisconsin",13.3
347,"McPherson","Kansas",13.3
348,"Boone","West Virginia",13.3
349,"Freeborn","Minnesota",13.3
350,"Outagamie","Wisconsin",13.2
351,"Erath","Texas",13.2
352,"Idaho","Idaho",13.2
353,"Adams","Washington",13.2
354,"Lebanon","Pennsylvania",13.2
355,"San Juan","Utah",13.1
356,"Montgomery","Missouri",13.1
357,"Andrew","Missouri",13.1
358,"Mower","Minnesota",13.1
359,"Garvin","Oklahoma",13.1
360,"Vernon","Wisconsin",13.1
361,"Franklin","Kansas",13.1
362,"Tipton","Indiana",13.1
363,"Olmsted","Minnesota",13
364,"Weld","Colorado",13
365,"Bedford","Pennsylvania",13
366,"Iroquois","Illinois",13
367,"Wyoming","West Virginia",12.9
368,"Lea","New Mexico",12.9
369,"Daviess","Indiana",12.9
370,"Ramsey","North Dakota",12.9
371,"Marshall","Illinois",12.9
372,"Marathon","Wisconsin",12.9
373,"Rice","Kansas",12.8
374,"Haskell","Oklahoma",12.8
375,"Fond du Lac","Wisconsin",12.8
376,"La Salle","Louisiana",12.8
377,"Fergus","Montana",12.8
378,"Keith","Nebraska",12.7
379,"Wyoming","New York",12.7
380,"Cass","North Dakota",12.7
381,"Waushara","Wisconsin",12.7
382,"Colusa","California",12.7
383,"Cumberland","Illinois",12.7
384,"Waukesha","Wisconsin",12.7
385,"Anoka","Minnesota",12.7
386,"Jefferson","Idaho",12.6
387,"Jefferson","Wisconsin",12.6
388,"Russell","Virginia",12.6
389,"Fremont","Idaho",12.6
390,"Noble","Ohio",12.6
391,"Jerome","Idaho",12.6
392,"White","Arkansas",12.5
393,"Dickinson","Kansas",12.5
394,"Aitkin","Minnesota",12.5
395,"Watonwan","Minnesota",12.5
396,"Monroe","Missouri",12.4
397,"Dallas","Iowa",12.4
398,"Routt","Colorado",12.4
399,"Wise","Texas",12.4
400,"Sarpy","Nebraska",12.4
401,"Waupaca","Wisconsin",12.4
402,"Morgan","Colorado",12.4
403,"Juneau","Wisconsin",12.4
404,"Huron","Michigan",12.4
405,"Snyder","Pennsylvania",12.3
406,"Eastland","Texas",12.3
407,"Pike","Illinois",12.3
408,"Hancock","Kentucky",12.3
409,"Steele","Minnesota",12.3
410,"Monroe","Wisconsin",12.3
411,"Lincoln","Oklahoma",12.2
412,"Moniteau","Missouri",12.2
413,"Lincoln","Wisconsin",12.2
414,"Union","Pennsylvania",12.2
415,"Lavaca","Texas",12.2
416,"Contra Costa","California",12.1
417,"Perry","Indiana",12.1
418,"Davis","Utah",12.1
419,"Fairfax","Virginia",12.1
420,"Cass","Nebraska",12.1
421,"Mercer","Illinois",12
422,"Story","Iowa",12
423,"Teton","Wyoming",12
424,"Manitowoc","Wisconsin",12
425,"Latah","Idaho",12
426,"Goshen","Wyoming",12
427,"Clarion","Pennsylvania",12
428,"Canadian","Oklahoma",12
429,"Gem","Idaho",12
430,"Preston","West Virginia",11.9
431,"Posey","Indiana",11.9
432,"Putnam","New York",11.8
433,"Sherburne","Minnesota",11.8
434,"Greene","Illinois",11.8
435,"New Kent","Virginia",11.8
436,"Wood","Wisconsin",11.8
437,"Webster","Kentucky",11.8
438,"Henry","Ohio",11.8
439,"Tooele","Utah",11.8
440,"Winona","Minnesota",11.7
441,"Sumner","Kansas",11.7
442,"Rice","Minnesota",11.6
443,"Marquette","Wisconsin",11.6
444,"Oconto","Wisconsin",11.6
445,"Jasper","Iowa",11.6
446,"La Plata","Colorado",11.5
447,"Wayne","Pennsylvania",11.5
448,"Marinette","Wisconsin",11.5
449,"Washoe","Nevada",11.5
450,"Wilson","Kansas",11.5
451,"Kanabec","Minnesota",11.5
452,"Butler","Pennsylvania",11.5
453,"Hunterdon","New Jersey",11.5
454,"Harvey","Kansas",11.4
455,"Logan","Colorado",11.4
456,"Green","Wisconsin",11.4
457,"Neosho","Kansas",11.4
458,"Hutchinson","Texas",11.4
459,"Langlade","Wisconsin",11.4
460,"Pine","Minnesota",11.4
461,"Osage","Kansas",11.4
462,"Mille Lacs","Minnesota",11.3
463,"Clearwater","Minnesota",11.3
464,"Live Oak","Texas",11.3
465,"King","Washington",11.3
466,"Atoka","Oklahoma",11.3
467,"Stephens","Oklahoma",11.3
468,"Barton","Missouri",11.3
469,"Lincoln","Washington",11.3
470,"Richland","Wisconsin",11.3
471,"Minnehaha","South Dakota",11.3
472,"Arlington","Virginia",11.2
473,"Eau Claire","Wisconsin",11.2
474,"Duval","Texas",11.2
475,"Kiowa","Oklahoma",11.1
476,"Fayette","Texas",11.1
477,"Elbert","Colorado",11.1
478,"Las Animas","Colorado",11.1
479,"Elko","Nevada",11.1
480,"Los Alamos","New Mexico",11.1
481,"Randall","Texas",11.1
482,"Lincoln","Nebraska",11.1
483,"Auglaize","Ohio",11
484,"Montgomery","Illinois",11
485,"Union","Oregon",11
486,"Columbia","Wisconsin",11
487,"Carroll","Illinois",11
488,"Becker","Minnesota",11
489,"Jefferson","Pennsylvania",11
490,"Hill","Texas",10.9
491,"Bingham","Idaho",10.9
492,"Miami","Kansas",10.9
493,"Ste Genevieve","Missouri",10.9
494,"Howard","Missouri",10.9
495,"Crawford","Wisconsin",10.9
496,"Moultrie","Illinois",10.9
497,"Cambria","Pennsylvania",10.9
498,"Twin Falls","Idaho",10.9
499,"El Dorado","California",10.8
500,"Ray","Missouri",10.8
501,"Paulding","Ohio",10.8
502,"Norfolk","Massachusetts",10.8
503,"Clinton","Iowa",10.8
504,"Price","Wisconsin",10.8
505,"Vermilion","Louisiana",10.8
506,"Appanoose","Iowa",10.7
507,"Fulton","Ohio",10.7
508,"Lawrence","Arkansas",10.7
509,"Upshur","Texas",10.7
510,"Fayette","Georgia",10.7
511,"Fayette","Illinois",10.7
512,"Whitley","Indiana",10.7
513,"Zapata","Texas",10.7
514,"Hardin","Texas",10.6
515,"Elk","Pennsylvania",10.6
516,"Randolph","Indiana",10.6
517,"Gillespie","Texas",10.6
518,"Stoddard","Missouri",10.6
519,"Seneca","Ohio",10.6
520,"Rockingham","New Hampshire",10.6
521,"Rockwall","Texas",10.5
522,"Montgomery","Maryland",10.5
523,"Potter","Pennsylvania",10.5
524,"White","Illinois",10.5
525,"Cerro Gordo","Iowa",10.4
526,"Seward","Kansas",10.4
527,"Gray","Texas",10.4
528,"Pike","Indiana",10.4
529,"Indiana","Pennsylvania",10.3
530,"Cass","Missouri",10.3
531,"Shawano","Wisconsin",10.3
532,"Bosque","Texas",10.3
533,"Panola","Texas",10.3
534,"Van Zandt","Texas",10.3
535,"Newton","Indiana",10.3
536,"Pushmataha","Oklahoma",10.2
537,"Grant","Arkansas",10.2
538,"Marshall","West Virginia",10.2
539,"Breckinridge","Kentucky",10.2
540,"Cole","Missouri",10.2
541,"Moore","Texas",10.2
542,"Le Flore","Oklahoma",10.2
543,"Hall","Nebraska",10.2
544,"Matanuska-Susitna","Alaska",10.2
545,"Iron","Missouri",10.1
546,"Palo Pinto","Texas",10.1
547,"Ford","Kansas",10.1
548,"Blue Earth","Minnesota",10.1
549,"Jefferson","Montana",10.1
550,"Forest","Wisconsin",10.1
551,"Tuscarawas","Ohio",10.1
552,"Placer","California",10.1
553,"Hamilton","Indiana",10.1
554,"Grundy","Missouri",10.1
555,"Madison","Missouri",10.1
556,"Baker","Oregon",10
557,"Knox","Ohio",10
558,"Shelby","Ohio",10
559,"Adams","Nebraska",10
560,"Koochiching","Minnesota",10
561,"White","Indiana",10
562,"Comanche","Texas",10
563,"Clay","Arkansas",9.9
564,"Bollinger","Missouri",9.9
565,"Logan","Oklahoma",9.9
566,"Washburn","Wisconsin",9.9
567,"Fremont","Colorado",9.8
568,"Jersey","Illinois",9.8
569,"Murray","Oklahoma",9.8
570,"Payne","Oklahoma",9.8
571,"Franklin","Pennsylvania",9.8
572,"Wayne","Missouri",9.8
573,"Washington","Idaho",9.8
574,"Boulder","Colorado",9.8
575,"Craig","Oklahoma",9.7
576,"Itasca","Minnesota",9.7
577,"Montezuma","Colorado",9.7
578,"Lincoln","West Virginia",9.7
579,"Warren","Ohio",9.7
580,"Boone","Iowa",9.7
581,"Washakie","Wyoming",9.7
582,"Gasconade","Missouri",9.6
583,"Macon","Missouri",9.6
584,"Bullitt","Kentucky",9.6
585,"Grant","West Virginia",9.5
586,"Washington","Iowa",9.5
587,"Prowers","Colorado",9.5
588,"Colonial Heights City","Virginia",9.5
589,"Hood","Texas",9.5
590,"Dent","Missouri",9.5
591,"Marshall","Oklahoma",9.4
592,"Hubbard","Minnesota",9.4
593,"Okmulgee","Oklahoma",9.4
594,"Bonneville","Idaho",9.4
595,"Washington","Kentucky",9.4
596,"Weber","Utah",9.4
597,"Barron","Wisconsin",9.4
598,"Napa","California",9.3
599,"Rogers","Oklahoma",9.3
600,"Cannon","Tennessee",9.3
601,"Clinton","Michigan",9.3
602,"Mayes","Oklahoma",9.3
603,"Pawnee","Oklahoma",9.3
604,"Chesterfield","Virginia",9.3
605,"Hughes","South Dakota",9.3
606,"Upshur","West Virginia",9.3
607,"Runnels","Texas",9.2
608,"Larue","Kentucky",9.2
609,"Cooper","Missouri",9.2
610,"Gibson","Indiana",9.1
611,"Shenandoah","Virginia",9.1
612,"Stark","Illinois",9.1
613,"Parmer","Texas",9.1
614,"Castro","Texas",9.1
615,"Smith","Texas",9.1
616,"Oldham","Kentucky",9
617,"Columbia","Oregon",9
618,"McLean","Kentucky",9
619,"Washington","Pennsylvania",9
620,"Tioga","Pennsylvania",9
621,"Grand Forks","North Dakota",9
622,"Missaukee","Michigan",8.9
623,"Roane","West Virginia",8.9
624,"Ogle","Illinois",8.9
625,"Grant","Washington",8.9
626,"Adams","Indiana",8.9
627,"Spokane","Washington",8.9
628,"Platte","Missouri",8.9
629,"Shoshone","Idaho",8.9
630,"Cleburne","Alabama",8.9
631,"Lampasas","Texas",8.9
632,"Cowley","Kansas",8.8
633,"Parker","Texas",8.8
634,"Lassen","California",8.7
635,"DeKalb","Alabama",8.7
636,"Lincoln","Missouri",8.7
637,"Matagorda","Texas",8.7
638,"Brown","Wisconsin",8.7
639,"McDonough","Illinois",8.7
640,"Randolph","Illinois",8.7
641,"Boundary","Idaho",8.7
642,"Bureau","Illinois",8.7
643,"Allegany","New York",8.6
644,"Martin","Kentucky",8.6
645,"Middlesex","New Jersey",8.6
646,"Nassau","Florida",8.6
647,"Clearfield","Pennsylvania",8.6
648,"Chester","Pennsylvania",8.6
649,"Washington","Oregon",8.6
650,"Floyd","Virginia",8.6
651,"Pope","Arkansas",8.5
652,"Fairfield","Ohio",8.5
653,"Darke","Ohio",8.5
654,"Schuylkill","Pennsylvania",8.5
655,"Freestone","Texas",8.5
656,"Beauregard","Louisiana",8.5
657,"Pike","Kentucky",8.5
658,"Richland","Illinois",8.5
659,"Scotts Bluff","Nebraska",8.4
660,"Decatur","Indiana",8.4
661,"Eddy","New Mexico",8.4
662,"Lewis And Clark","Montana",8.4
663,"Garfield","Oklahoma",8.4
664,"Strafford","New Hampshire",8.4
665,"Columbia","Pennsylvania",8.4
666,"Frederick","Maryland",8.4
667,"Howard","Maryland",8.4
668,"Carroll","Ohio",8.4
669,"Roanoke","Virginia",8.3
670,"Jackson","Kentucky",8.3
671,"Anderson","Kentucky",8.3
672,"Barbour","West Virginia",8.3
673,"Greene","Pennsylvania",8.3
674,"Pottawattamie","Iowa",8.3
675,"Wyoming","Pennsylvania",8.3
676,"Pulaski","Indiana",8.3
677,"Scott","Arkansas",8.2
678,"Park","Montana",8.2
679,"Livingston","Missouri",8.2
680,"Williams","Ohio",8.2
681,"Washington","Wisconsin",8.2
682,"Crawford","Pennsylvania",8.2
683,"Lyon","Nevada",8.1
684,"Schoolcraft","Michigan",8.1
685,"Rockingham","Virginia",8.1
686,"Monroe","West Virginia",8.1
687,"Lincoln","Montana",8.1
688,"Leslie","Kentucky",8.1
689,"Mingo","West Virginia",8.1
690,"Orange","Texas",8.1
691,"Sauk","Wisconsin",8.1
692,"Huntingdon","Pennsylvania",8
693,"Barry","Missouri",8
694,"Laramie","Wyoming",8
695,"Marshall","Iowa",8
696,"Albany","Wyoming",7.9
697,"Cameron","Texas",7.9
698,"Clinton","Missouri",7.9
699,"Nowata","Oklahoma",7.9
700,"Douglas","Colorado",7.9
701,"Sanilac","Michigan",7.9
702,"Stafford","Virginia",7.9
703,"Wayne","Ohio",7.9
704,"Kodiak Island","Alaska",7.9
705,"Montgomery","Pennsylvania",7.9
706,"Fulton","Indiana",7.9
707,"Coos","New Hampshire",7.8
708,"Labette","Kansas",7.8
709,"Wabash","Illinois",7.8
710,"Marshall","Indiana",7.8
711,"Washington","Utah",7.8
712,"Ford","Illinois",7.8
713,"Grady","Oklahoma",7.8
714,"Lewis","West Virginia",7.8
715,"Loudoun","Virginia",7.8
716,"Johnson","Illinois",7.7
717,"Menominee","Michigan",7.7
718,"Clay","West Virginia",7.7
719,"Bradford","Pennsylvania",7.7
720,"Starke","Indiana",7.7
721,"Yellowstone","Montana",7.7
722,"Dallas","Missouri",7.7
723,"Sutter","California",7.7
724,"Carroll","Maryland",7.7
725,"Union","Kentucky",7.7
726,"Huron","Ohio",7.7
727,"Ravalli","Montana",7.7
728,"York","Maine",7.7
729,"Lamb","Texas",7.6
730,"Harrison","Indiana",7.6
731,"Jackson","Wisconsin",7.6
732,"Sheboygan","Wisconsin",7.6
733,"Orange","Vermont",7.6
734,"Defiance","Ohio",7.6
735,"Lawrence","Missouri",7.6
736,"Cass","Illinois",7.6
737,"Ashland","Ohio",7.6
738,"Sussex","New Jersey",7.5
739,"Adams","Pennsylvania",7.5
740,"Meade","Kentucky",7.5
741,"Allen","Kansas",7.5
742,"Cleburne","Arkansas",7.5
743,"Henry","Illinois",7.5
744,"Gallatin","Montana",7.5
745,"Harrisonburg City","Virginia",7.4
746,"Reno","Kansas",7.4
747,"Fannin","Texas",7.4
748,"Prince George","Virginia",7.4
749,"Bristol","Rhode Island",7.4
750,"Ventura","California",7.4
751,"Benton","Missouri",7.4
752,"Westmoreland","Pennsylvania",7.4
753,"Iron","Utah",7.4
754,"Shelby","Texas",7.4
755,"Rusk","Texas",7.4
756,"Centre","Pennsylvania",7.4
757,"Crawford","Illinois",7.3
758,"Henry","Missouri",7.3
759,"Chaffee","Colorado",7.3
760,"Saline","Illinois",7.3
761,"Greene","Indiana",7.3
762,"Benewah","Idaho",7.3
763,"Jackson","Indiana",7.3
764,"Madison","Ohio",7.3
765,"Franklin","Missouri",7.3
766,"Hopkins","Texas",7.3
767,"Mountrail","North Dakota",7.2
768,"Colorado","Texas",7.2
769,"Botetourt","Virginia",7.2
770,"Montrose","Colorado",7.2
771,"Otsego","New York",7.2
772,"Hughes","Oklahoma",7.2
773,"Menard","Illinois",7.2
774,"Nolan","Texas",7.2
775,"Cedar","Missouri",7.2
776,"Christian","Missouri",7.2
777,"Austin","Texas",7.2
778,"Randolph","Arkansas",7.2
779,"Deschutes","Oregon",7.1
780,"Kitsap","Washington",7.1
781,"Audrain","Missouri",7.1
782,"Pontotoc","Oklahoma",7.1
783,"Torrance","New Mexico",7.1
784,"Warren","Pennsylvania",7.1
785,"Lake","Ohio",7.1
786,"Blaine","Oklahoma",7.1
787,"Christian","Illinois",7.1
788,"Carroll","Indiana",7
789,"Walworth","Wisconsin",7
790,"Holmes","Florida",7
791,"Finney","Kansas",7
792,"Leon","Texas",7
793,"Creek","Oklahoma",7
794,"Bastrop","Texas",7
795,"Deer Lodge","Montana",7
796,"Parke","Indiana",7
797,"Howard","Texas",6.9
798,"Northumberland","Pennsylvania",6.9
799,"Montgomery","New York",6.9
800,"Winnebago","Wisconsin",6.9
801,"Hood River","Oregon",6.9
802,"Sequoyah","Oklahoma",6.9
803,"Porter","Indiana",6.8
804,"Lake","Minnesota",6.8
805,"Portage","Ohio",6.8
806,"Johnson","Iowa",6.8
807,"Overton","Tennessee",6.8
808,"Franklin","Indiana",6.8
809,"Clay","Indiana",6.8
810,"Independence","Arkansas",6.8
811,"Clay","Illinois",6.8
812,"Garrett","Maryland",6.7
813,"Woodbury","Iowa",6.7
814,"Summit","Colorado",6.7
815,"Clay","Missouri",6.7
816,"Pike","Pennsylvania",6.7
817,"Letcher","Kentucky",6.7
818,"Warren","New Jersey",6.7
819,"Van Wert","Ohio",6.7
820,"Texas","Missouri",6.7
821,"Macoupin","Illinois",6.7
822,"Decatur","Tennessee",6.6
823,"Johnson","Kansas",6.6
824,"Coffee","Alabama",6.6
825,"Mercer","Kentucky",6.6
826,"Adair","Missouri",6.6
827,"Hanover","Virginia",6.6
828,"Flathead","Montana",6.6
829,"Yell","Arkansas",6.6
830,"Champaign","Ohio",6.6
831,"Washington","Indiana",6.6
832,"Meigs","Ohio",6.5
833,"Presque Isle","Michigan",6.5
834,"Stone","Mississippi",6.5
835,"Middlesex","Massachusetts",6.5
836,"Logan","Arkansas",6.5
837,"Taylor","Texas",6.5
838,"Lancaster","Pennsylvania",6.5
839,"Scott","Virginia",6.5
840,"Lawrence","Illinois",6.4
841,"Jefferson","Iowa",6.4
842,"George","Mississippi",6.4
843,"Jackson","Texas",6.4
844,"Teller","Colorado",6.4
845,"Geauga","Ohio",6.4
846,"Boone","Indiana",6.4
847,"Augusta","Virginia",6.4
848,"Grayson","Virginia",6.3
849,"Riley","Kansas",6.3
850,"Madison","Virginia",6.3
851,"Lewis","Washington",6.3
852,"Clinton","Indiana",6.3
853,"McHenry","Illinois",6.3
854,"Jefferson","New York",6.2
855,"Livingston","New York",6.2
856,"Adams","Colorado",6.2
857,"Somerset","New Jersey",6.2
858,"Rensselaer","New York",6.2
859,"Tazewell","Virginia",6.2
860,"Stewart","Tennessee",6.2
861,"Warrick","Indiana",6.2
862,"Mason","Washington",6.1
863,"Mercer","Pennsylvania",6.1
864,"Oceana","Michigan",6.1
865,"Douglas","Missouri",6.1
866,"Vernon","Missouri",6.1
867,"Nicholas","West Virginia",6.1
868,"Sandusky","Ohio",6.1
869,"Jackson","Oklahoma",6.1
870,"Vernon","Louisiana",6.1
871,"Bonner","Idaho",6
872,"McDonald","Missouri",6
873,"Allen","Louisiana",6
874,"Hancock","Indiana",6
875,"Cascade","Montana",6
876,"Webster","West Virginia",6
877,"Herkimer","New York",5.9
878,"Franklin","Vermont",5.9
879,"Lincoln","Tennessee",5.9
880,"Pontotoc","Mississippi",5.9
881,"Howell","Missouri",5.9
882,"Lyon","Kansas",5.9
883,"Faulkner","Arkansas",5.9
884,"Muscatine","Iowa",5.9
885,"Johnson","Arkansas",5.9
886,"Silver Bow","Montana",5.9
887,"Polk","Arkansas",5.9
888,"Marshall","Kentucky",5.9
889,"Pend Oreille","Washington",5.9
890,"Linn","Iowa",5.9
891,"Pittsburg","Oklahoma",5.9
892,"Montgomery","Indiana",5.9
893,"Franklin","Washington",5.9
894,"Van Buren","Arkansas",5.9
895,"Nye","Nevada",5.8
896,"Caldwell","Kentucky",5.8
897,"Kendall","Texas",5.8
898,"Addison","Vermont",5.8
899,"Cherokee","Texas",5.8
900,"Tyler","Texas",5.7
901,"Chelan","Washington",5.7
902,"Noble","Indiana",5.7
903,"Middlesex","Connecticut",5.7
904,"Greene","Mississippi",5.7
905,"Perry","Illinois",5.7
906,"Saline","Kansas",5.7
907,"Douglas","Washington",5.7
908,"Tillman","Oklahoma",5.7
909,"Douglas","Nevada",5.7
910,"Morrow","Oregon",5.7
911,"Warren","Illinois",5.7
912,"Fauquier","Virginia",5.7
913,"La Crosse","Wisconsin",5.7
914,"Warren","Virginia",5.6
915,"Evangeline","Louisiana",5.6
916,"Knox","Indiana",5.6
917,"Macomb","Michigan",5.6
918,"Belmont","Ohio",5.6
919,"Crook","Oregon",5.6
920,"Delaware","New York",5.6
921,"Clinton","Pennsylvania",5.6
922,"Cass","Texas",5.6
923,"Aroostook","Maine",5.6
924,"La Salle","Illinois",5.6
925,"Cass","Indiana",5.6
926,"Morgan","Ohio",5.6
927,"San Mateo","California",5.6
928,"Oswego","New York",5.6
929,"McIntosh","Oklahoma",5.5
930,"Delaware","Oklahoma",5.5
931,"Starr","Texas",5.5
932,"Madison","New York",5.5
933,"Geneva","Alabama",5.5
934,"Butler","Kansas",5.5
935,"Burnett","Wisconsin",5.5
936,"Tishomingo","Mississippi",5.5
937,"Churchill","Nevada",5.4
938,"Cherokee","Kansas",5.4
939,"Jasper","Texas",5.4
940,"Calvert","Maryland",5.4
941,"Grayson","Kentucky",5.4
942,"Caddo","Oklahoma",5.4
943,"Morgan","Missouri",5.4
944,"Bannock","Idaho",5.4
945,"Crow Wing","Minnesota",5.4
946,"Orange","Indiana",5.4
947,"Lawrence","Alabama",5.3
948,"Windsor","Vermont",5.3
949,"Cleveland","Oklahoma",5.3
950,"Braxton","West Virginia",5.3
951,"Noble","Oklahoma",5.3
952,"Jefferson Davis","Louisiana",5.3
953,"Karnes","Texas",5.3
954,"Stone","Missouri",5.3
955,"Morgan","Kentucky",5.3
956,"Sharp","Arkansas",5.3
957,"Pennington","South Dakota",5.3
958,"Atascosa","Texas",5.3
959,"Harlan","Kentucky",5.2
960,"Northampton","Pennsylvania",5.2
961,"Jim Wells","Texas",5.2
962,"Vermillion","Indiana",5.2
963,"Stanislaus","California",5.2
964,"Alexandria City","Virginia",5.2
965,"Pike","Missouri",5.1
966,"Rio Grande","Colorado",5.1
967,"Perry","Mississippi",5.1
968,"Washington","Vermont",5.1
969,"Elmore","Idaho",5.1
970,"Monroe","Pennsylvania",5.1
971,"Crawford","Arkansas",5.1
972,"Montgomery","Kansas",5.1
973,"Williamson","Tennessee",5
974,"Johnson","Kentucky",5
975,"Stevens","Washington",5
976,"Crawford","Missouri",5
977,"Yuma","Arizona",5
978,"Plaquemines","Louisiana",5
979,"Morgan","Indiana",5
980,"Hudson","New Jersey",4.9
981,"Ripley","Missouri",4.9
982,"Clark","Illinois",4.9
983,"Sonoma","California",4.9
984,"Ellis","Texas",4.9
985,"Walla Walla","Washington",4.9
986,"Carbon","Pennsylvania",4.9
987,"Crenshaw","Alabama",4.9
988,"Wapello","Iowa",4.9
989,"Bartholomew","Indiana",4.9
990,"Susquehanna","Pennsylvania",4.9
991,"Jasper","Missouri",4.9
992,"Boone","Kentucky",4.9
993,"Hancock","Ohio",4.9
994,"Payette","Idaho",4.8
995,"Ramsey","Minnesota",4.8
996,"Polk","Missouri",4.8
997,"Greene","Arkansas",4.8
998,"Pottawatomie","Oklahoma",4.8
999,"Giles","Virginia",4.8
1000,"Anchorage","Alaska",4.8
1001,"Webster","Missouri",4.8
1002,"Rush","Indiana",4.8
1003,"Oconee","Georgia",4.8
1004,"Alamosa","Colorado",4.8
1005,"Fort Bend","Texas",4.8
1006,"Kosciusko","Indiana",4.8
1007,"Hardy","West Virginia",4.7
1008,"Okfuskee","Oklahoma",4.7
1009,"Windham","Connecticut",4.7
1010,"Berks","Pennsylvania",4.7
1011,"Houghton","Michigan",4.7
1012,"Ashland","Wisconsin",4.7
1013,"Milam","Texas",4.7
1014,"Oneida","Wisconsin",4.7
1015,"Wright","Missouri",4.7
1016,"Oneida","New York",4.7
1017,"Scott","Missouri",4.7
1018,"Chenango","New York",4.7
1019,"Clackamas","Oregon",4.7
1020,"Clay","Florida",4.7
1021,"Adair","Kentucky",4.7
1022,"Marion","Kentucky",4.7
1023,"DeKalb","Illinois",4.7
1024,"Webster","Iowa",4.6
1025,"Montgomery","Virginia",4.6
1026,"Newton","Texas",4.6
1027,"Hale","Texas",4.6
1028,"Grant","Kentucky",4.6
1029,"Logan","Kentucky",4.6
1030,"Elkhart","Indiana",4.6
1031,"Macon","Tennessee",4.6
1032,"Acadia","Louisiana",4.6
1033,"Fulton","Illinois",4.6
1034,"Putnam","West Virginia",4.5
1035,"Brooks","Texas",4.5
1036,"York","Pennsylvania",4.5
1037,"Warren","Missouri",4.5
1038,"Fairbanks North Star","Alaska",4.5
1039,"Cumberland","Maine",4.5
1040,"Essex","New York",4.5
1041,"Val Verde","Texas",4.5
1042,"Manassas City","Virginia",4.5
1043,"Dewitt","Texas",4.5
1044,"Carroll","Arkansas",4.5
1045,"Raleigh","West Virginia",4.5
1046,"Adams","Illinois",4.5
1047,"Carson City","Nevada",4.5
1048,"St Mary's","Maryland",4.5
1049,"Mifflin","Pennsylvania",4.5
1050,"Mineral","West Virginia",4.5
1051,"Putnam","Indiana",4.5
1052,"Page","Virginia",4.4
1053,"Dickinson","Michigan",4.4
1054,"Salt Lake","Utah",4.4
1055,"Boone","Arkansas",4.4
1056,"Madison","Arkansas",4.4
1057,"Bourbon","Kansas",4.4
1058,"Butler","Ohio",4.4
1059,"Limestone","Texas",4.4
1060,"Morrow","Ohio",4.4
1061,"Androscoggin","Maine",4.4
1062,"Wood","Ohio",4.4
1063,"Taylor","West Virginia",4.4
1064,"Ionia","Michigan",4.4
1065,"Orange","Virginia",4.4
1066,"Miami","Indiana",4.3
1067,"San Patricio","Texas",4.3
1068,"Union","Ohio",4.3
1069,"Brazoria","Texas",4.3
1070,"Piscataquis","Maine",4.3
1071,"Magoffin","Kentucky",4.3
1072,"Ohio","Kentucky",4.3
1073,"Hampshire","Massachusetts",4.3
1074,"Osage","Oklahoma",4.3
1075,"Wayne","Tennessee",4.3
1076,"Marion","Oregon",4.3
1077,"Jennings","Indiana",4.3
1078,"Franklin","Alabama",4.3
1079,"Windham","Vermont",4.2
1080,"Blaine","Idaho",4.2
1081,"Caldwell","Louisiana",4.2
1082,"Dale","Alabama",4.2
1083,"DeKalb","Tennessee",4.2
1084,"Siskiyou","California",4.2
1085,"Frederick","Virginia",4.2
1086,"Lincoln","Kentucky",4.2
1087,"Franklin","Massachusetts",4.2
1088,"St Joseph","Michigan",4.2
1089,"Union","Tennessee",4.2
1090,"Dawson","Texas",4.2
1091,"Cullman","Alabama",4.2
1092,"Lawrence","Pennsylvania",4.2
1093,"Henry","Kentucky",4.1
1094,"Whiteside","Illinois",4.1
1095,"Covington","Alabama",4.1
1096,"Cheshire","New Hampshire",4.1
1097,"Perry","Ohio",4.1
1098,"Shasta","California",4.1
1099,"New London","Connecticut",4.1
1100,"White","Georgia",4.1
1101,"Kittitas","Washington",4.1
1102,"Lafayette","Missouri",4
1103,"Washington","Alabama",4
1104,"Taylor","Kentucky",4
1105,"Huntington","Indiana",4
1106,"Newton","Missouri",4
1107,"Butler","Kentucky",4
1108,"Nelson","Kentucky",4
1109,"Effingham","Georgia",4
1110,"Franklin","Maine",4
1111,"Putnam","Tennessee",4
1112,"Tippah","Mississippi",3.9
1113,"Benton","Washington",3.9
1114,"Unicoi","Tennessee",3.9
1115,"Jefferson","Missouri",3.9
1116,"Muhlenberg","Kentucky",3.9
1117,"Harrison","Ohio",3.9
1118,"Thurston","Washington",3.9
1119,"Island","Washington",3.9
1120,"Williamson","Texas",3.9
1121,"Steuben","Indiana",3.9
1122,"Chambers","Texas",3.8
1123,"Pierce","Washington",3.8
1124,"Franklin","Illinois",3.8
1125,"Blount","Alabama",3.8
1126,"Providence","Rhode Island",3.8
1127,"Saratoga","New York",3.8
1128,"Yolo","California",3.8
1129,"Iron","Michigan",3.8
1130,"Delta","Michigan",3.8
1131,"Pendleton","Kentucky",3.8
1132,"Armstrong","Pennsylvania",3.8
1133,"Somerset","Maine",3.8
1134,"Grundy","Illinois",3.8
1135,"Albany","New York",3.8
1136,"Benton","Arkansas",3.8
1137,"Greenup","Kentucky",3.8
1138,"Powhatan","Virginia",3.7
1139,"Crawford","Kansas",3.7
1140,"Laclede","Missouri",3.7
1141,"Aransas","Texas",3.7
1142,"Calhoun","Texas",3.7
1143,"Lawrence","Indiana",3.7
1144,"Camp","Texas",3.7
1145,"Kern","California",3.7
1146,"Crawford","Indiana",3.7
1147,"Miller","Missouri",3.7
1148,"Sevier","Arkansas",3.6
1149,"Clatsop","Oregon",3.6
1150,"Logan","Ohio",3.6
1151,"Sullivan","New Hampshire",3.6
1152,"Ottawa","Ohio",3.6
1153,"Suwannee","Florida",3.6
1154,"Clallam","Washington",3.6
1155,"Boone","Illinois",3.6
1156,"Yavapai","Arizona",3.6
1157,"Allegan","Michigan",3.6
1158,"Whatcom","Washington",3.6
1159,"Saline","Missouri",3.6
1160,"Monmouth","New Jersey",3.6
1161,"Kay","Oklahoma",3.5
1162,"Douglas","Kansas",3.5
1163,"Polk","Texas",3.5
1164,"Lumpkin","Georgia",3.5
1165,"St Charles","Missouri",3.5
1166,"Carlton","Minnesota",3.5
1167,"Wise","Virginia",3.5
1168,"Chippewa","Michigan",3.5
1169,"Logan","Illinois",3.5
1170,"Burnet","Texas",3.5
1171,"Branch","Michigan",3.4
1172,"Baxter","Arkansas",3.4
1173,"Polk","Tennessee",3.4
1174,"Fremont","Wyoming",3.4
1175,"Titus","Texas",3.4
1176,"Tompkins","New York",3.4
1177,"Preble","Ohio",3.4
1178,"Clinton","New York",3.3
1179,"Liberty","Texas",3.3
1180,"Umatilla","Oregon",3.3
1181,"Arenac","Michigan",3.3
1182,"San Diego","California",3.3
1183,"Nez Perce","Idaho",3.3
1184,"Covington City","Virginia",3.3
1185,"Miami","Ohio",3.3
1186,"Catahoula","Louisiana",3.3
1187,"Rutland","Vermont",3.3
1188,"Comal","Texas",3.3
1189,"Dimmit","Texas",3.3
1190,"Lycoming","Pennsylvania",3.3
1191,"Bandera","Texas",3.3
1192,"Caledonia","Vermont",3.3
1193,"Phelps","Missouri",3.3
1194,"Paulding","Georgia",3.2
1195,"Marion","Alabama",3.2
1196,"Rutherford","Tennessee",3.2
1197,"Clark","Washington",3.2
1198,"Klickitat","Washington",3.2
1199,"Mariposa","California",3.2
1200,"Orleans","Vermont",3.2
1201,"Wilbarger","Texas",3.2
1202,"Hampshire","West Virginia",3.2
1203,"DeKalb","Indiana",3.2
1204,"Montgomery","Tennessee",3.2
1205,"Wabash","Indiana",3.2
1206,"Eaton","Michigan",3.2
1207,"Smith","Tennessee",3.2
1208,"Deaf Smith","Texas",3.2
1209,"Tuscola","Michigan",3.2
1210,"Lee","Illinois",3.1
1211,"Floyd","Indiana",3.1
1212,"Montour","Pennsylvania",3.1
1213,"Jefferson","Indiana",3.1
1214,"Lexington City","Virginia",3.1
1215,"Leelanau","Michigan",3.1
1216,"Ottawa","Oklahoma",3.1
1217,"Saline","Arkansas",3.1
1218,"Coles","Illinois",3.1
1219,"Galax City","Virginia",3.1
1220,"Floyd","Kentucky",3.1
1221,"Newport","Rhode Island",3.1
1222,"Harrison","Texas",3.1
1223,"Wilson","Texas",3
1224,"Brown","Texas",3
1225,"Fleming","Kentucky",3
1226,"Yates","New York",3
1227,"St Lawrence","New York",3
1228,"Barren","Kentucky",3
1229,"Lonoke","Arkansas",3
1230,"Callaway","Missouri",3
1231,"Malheur","Oregon",2.9
1232,"Washington","Oklahoma",2.9
1233,"Collin","Texas",2.9
1234,"Meigs","Tennessee",2.9
1235,"Davie","North Carolina",2.9
1236,"Otero","Colorado",2.9
1237,"Juneau","Alaska",2.9
1238,"Lee","Iowa",2.9
1239,"Stokes","North Carolina",2.9
1240,"Comanche","Oklahoma",2.9
1241,"Patrick","Virginia",2.9
1242,"Dade","Georgia",2.9
1243,"Stanly","North Carolina",2.9
1244,"Frio","Texas",2.9
1245,"Monongalia","West Virginia",2.9
1246,"Ritchie","West Virginia",2.8
1247,"Queen Anne's","Maryland",2.8
1248,"Kennebec","Maine",2.8
1249,"Brown","Indiana",2.8
1250,"Bedford","Virginia",2.8
1251,"Cape Girardeau","Missouri",2.8
1252,"Cumberland","Tennessee",2.8
1253,"Morgan","Tennessee",2.8
1254,"Amherst","Virginia",2.8
1255,"Santa Cruz","California",2.8
1256,"Greenbrier","West Virginia",2.8
1257,"Emmet","Michigan",2.8
1258,"Citrus","Florida",2.8
1259,"Licking","Ohio",2.7
1260,"Worcester","Massachusetts",2.7
1261,"Carter","Oklahoma",2.7
1262,"Owen","Indiana",2.7
1263,"Bee","Texas",2.7
1264,"Plumas","California",2.7
1265,"Des Moines","Iowa",2.7
1266,"Hennepin","Minnesota",2.7
1267,"Columbiana","Ohio",2.7
1268,"Maverick","Texas",2.7
1269,"Blackford","Indiana",2.7
1270,"Perry","Kentucky",2.7
1271,"San Luis Obispo","California",2.7
1272,"Knott","Kentucky",2.6
1273,"Sullivan","New York",2.6
1274,"Mackinac","Michigan",2.6
1275,"Calloway","Kentucky",2.6
1276,"Perry","Arkansas",2.6
1277,"Spotsylvania","Virginia",2.6
1278,"Tillamook","Oregon",2.6
1279,"Terrebonne","Louisiana",2.6
1280,"Kauai","Hawaii",2.6
1281,"Jay","Indiana",2.6
1282,"Hartford","Connecticut",2.6
1283,"Erie","New York",2.6
1284,"Seminole","Oklahoma",2.6
1285,"York","Virginia",2.6
1286,"Jefferson","Washington",2.6
1287,"Graves","Kentucky",2.6
1288,"Calhoun","Florida",2.6
1289,"Jefferson","Texas",2.6
1290,"Maricopa","Arizona",2.5
1291,"Yancey","North Carolina",2.5
1292,"Clark","Nevada",2.5
1293,"Chaves","New Mexico",2.5
1294,"Cayuga","New York",2.5
1295,"Yakima","Washington",2.5
1296,"Midland","Michigan",2.5
1297,"Dearborn","Indiana",2.4
1298,"Lawrence","Kentucky",2.4
1299,"Henry","Georgia",2.4
1300,"Desoto","Mississippi",2.4
1301,"Chilton","Alabama",2.4
1302,"Henderson","Tennessee",2.4
1303,"Tuolumne","California",2.4
1304,"Mason","West Virginia",2.4
1305,"Todd","Kentucky",2.3
1306,"Marion","Tennessee",2.3
1307,"Denton","Texas",2.3
1308,"Dane","Wisconsin",2.3
1309,"Monroe","Michigan",2.3
1310,"Wythe","Virginia",2.3
1311,"Itawamba","Mississippi",2.3
1312,"McNairy","Tennessee",2.2
1313,"Bryan","Georgia",2.2
1314,"West Carroll","Louisiana",2.2
1315,"Salem City","Virginia",2.2
1316,"Arapahoe","Colorado",2.2
1317,"Multnomah","Oregon",2.2
1318,"Skagit","Washington",2.1
1319,"Laurel","Kentucky",2.1
1320,"Montmorency","Michigan",2.1
1321,"Cecil","Maryland",2.1
1322,"Leavenworth","Kansas",2.1
1323,"McCurtain","Oklahoma",2.1
1324,"Delaware","Pennsylvania",2.1
1325,"Barry","Michigan",2.1
1326,"Gratiot","Michigan",2.1
1327,"Marin","California",2.1
1328,"Curry","New Mexico",2.1
1329,"Marion","West Virginia",2.1
1330,"Schuyler","New York",2.1
1331,"St Louis","Minnesota",2.1
1332,"Plymouth","Massachusetts",2.1
1333,"Prince Georges","Maryland",2
1334,"Tazewell","Illinois",2
1335,"Watauga","North Carolina",2
1336,"St Landry","Louisiana",2
1337,"Okaloosa","Florida",2
1338,"Habersham","Georgia",2
1339,"McDowell","West Virginia",2
1340,"St Joseph","Indiana",1.9
1341,"Lafourche","Louisiana",1.9
1342,"Washington","Arkansas",1.9
1343,"Pacific","Washington",1.9
1344,"Wetzel","West Virginia",1.9
1345,"Adams","Ohio",1.9
1346,"Kent","Rhode Island",1.9
1347,"Russell","Kentucky",1.9
1348,"De Witt","Illinois",1.9
1349,"Missoula","Montana",1.9
1350,"Pierce","Georgia",1.9
1351,"Charles Mix","South Dakota",1.9
1352,"Honolulu","Hawaii",1.9
1353,"Wharton","Texas",1.9
1354,"Collier","Florida",1.8
1355,"Sabine","Louisiana",1.8
1356,"Smith","Mississippi",1.8
1357,"Anne Arundel","Maryland",1.8
1358,"Sumner","Tennessee",1.7
1359,"St Clair","Michigan",1.7
1360,"Bond","Illinois",1.7
1361,"Marshall","Tennessee",1.7
1362,"Grainger","Tennessee",1.7
1363,"Pettis","Missouri",1.7
1364,"Santa Cruz","Arizona",1.7
1365,"Seneca","New York",1.7
1366,"Manistee","Michigan",1.7
1367,"Monroe","Indiana",1.7
1368,"Bayfield","Wisconsin",1.7
1369,"Lancaster","Nebraska",1.7
1370,"Choctaw","Oklahoma",1.7
1371,"Highland","Ohio",1.7
1372,"Cattaraugus","New York",1.7
1373,"Carroll","New Hampshire",1.7
1374,"Ketchikan Gateway","Alaska",1.7
1375,"Roosevelt","New Mexico",1.7
1376,"Coos","Oregon",1.6
1377,"Clay","Alabama",1.6
1378,"Johnson","Missouri",1.6
1379,"Cherokee","Oklahoma",1.6
1380,"Jackson","Alabama",1.6
1381,"Santa Clara","California",1.6
1382,"Taney","Missouri",1.6
1383,"Greene","Missouri",1.6
1384,"Asotin","Washington",1.6
1385,"Stephenson","Illinois",1.6
1386,"St Francois","Missouri",1.6
1387,"Jefferson","Tennessee",1.6
1388,"Livingston","Louisiana",1.5
1389,"Douglas","Wisconsin",1.5
1390,"Barnstable","Massachusetts",1.5
1391,"Venango","Pennsylvania",1.5
1392,"Mason","Illinois",1.5
1393,"Chester","Tennessee",1.5
1394,"Tippecanoe","Indiana",1.5
1395,"Steuben","New York",1.5
1396,"Grafton","New Hampshire",1.5
1397,"Santa Barbara","California",1.5
1398,"Nueces","Texas",1.5
1399,"Yuba","California",1.5
1400,"Lamoille","Vermont",1.4
1401,"King William","Virginia",1.4
1402,"Randolph","North Carolina",1.4
1403,"Hardin","Kentucky",1.4
1404,"Calcasieu","Louisiana",1.4
1405,"Josephine","Oregon",1.4
1406,"Kleberg","Texas",1.4
1407,"Pulaski","Arkansas",1.4
1408,"Charles","Maryland",1.4
1409,"Lawrence","Tennessee",1.4
1410,"Rhea","Tennessee",1.4
1411,"Gladwin","Michigan",1.4
1412,"Logan","West Virginia",1.4
1413,"Pinellas","Florida",1.4
1414,"Harrison","Kentucky",1.4
1415,"Currituck","North Carolina",1.4
1416,"Fayette","Alabama",1.4
1417,"Lamar","Alabama",1.4
1418,"Jackson","North Carolina",1.4
1419,"Greene","New York",1.4
1420,"Medina","Texas",1.3
1421,"Burleson","Texas",1.3
1422,"Waller","Texas",1.3
1423,"Union","Illinois",1.3
1424,"Washington","Rhode Island",1.3
1425,"Hall","Georgia",1.3
1426,"Surry","North Carolina",1.3
1427,"Madison","North Carolina",1.3
1428,"Klamath","Oregon",1.3
1429,"San Jacinto","Texas",1.2
1430,"Dixie","Florida",1.2
1431,"Sagadahoc","Maine",1.2
1432,"Carroll","Kentucky",1.2
1433,"Wayne","West Virginia",1.2
1434,"Sebastian","Arkansas",1.2
1435,"Dickson","Tennessee",1.2
1436,"Solano","California",1.2
1437,"Morris","Texas",1.2
1438,"Wayne","New York",1.1
1439,"Bennington","Vermont",1.1
1440,"San Francisco","California",1.1
1441,"Benton","Tennessee",1.1
1442,"Winston","Alabama",1.1
1443,"Edgar","Illinois",1.1
1444,"Union","New Jersey",1.1
1445,"Black Hawk","Iowa",1.1
1446,"Union","Mississippi",1.1
1447,"Ogemaw","Michigan",1
1448,"Hardin","Ohio",1
1449,"Larimer","Colorado",1
1450,"Rock","Wisconsin",1
1451,"Amador","California",1
1452,"Grayson","Texas",0.9
1453,"Nelson","Virginia",0.9
1454,"Leake","Mississippi",0.9
1455,"Assumption","Louisiana",0.9
1456,"Merrimack","New Hampshire",0.9
1457,"Winchester City","Virginia",0.9
1458,"Isle Of Wight","Virginia",0.9
1459,"Guernsey","Ohio",0.9
1460,"Suffolk","New York",0.9
1461,"Little River","Arkansas",0.9
1462,"Brown","Ohio",0.9
1463,"Morgan","West Virginia",0.8
1464,"Lincoln","New Mexico",0.8
1465,"Carroll","Virginia",0.8
1466,"Knox","Kentucky",0.8
1467,"Coryell","Texas",0.8
1468,"Jackson","West Virginia",0.8
1469,"Bryan","Oklahoma",0.8
1470,"Penobscot","Maine",0.8
1471,"Macon","North Carolina",0.8
1472,"Morris","New Jersey",0.8
1473,"Terry","Texas",0.8
1474,"Schoharie","New York",0.7
1475,"Washington","Florida",0.7
1476,"Walker","Alabama",0.7
1477,"Fulton","New York",0.7
1478,"Inyo","California",0.7
1479,"Mercer","New Jersey",0.7
1480,"Cochise","Arizona",0.7
1481,"Clinton","Ohio",0.7
1482,"Okeechobee","Florida",0.7
1483,"Gilmer","Georgia",0.7
1484,"Amelia","Virginia",0.7
1485,"Clare","Michigan",0.7
1486,"Beaver","Pennsylvania",0.7
1487,"Washington","Ohio",0.7
1488,"Allen","Kentucky",0.6
1489,"Avery","North Carolina",0.6
1490,"Brooke","West Virginia",0.6
1491,"Duval","Florida",0.6
1492,"McMinn","Tennessee",0.5
1493,"District Of Columbia","District Of Columbia",0.5
1494,"Charlotte","Virginia",0.5
1495,"Tioga","New York",0.5
1496,"Okanogan","Washington",0.5
1497,"Haywood","North Carolina",0.5
1498,"San Juan","Washington",0.5
1499,"Alexander","North Carolina",0.5
1500,"Benzie","Michigan",0.5
1501,"Gloucester","Virginia",0.5
1502,"Grand Traverse","Michigan",0.5
1503,"Williamson","Illinois",0.5
1504,"Pulaski","Missouri",0.5
1505,"Garrard","Kentucky",0.5
1506,"Conway","Arkansas",0.5
1507,"Grant","Louisiana",0.4
1508,"Monroe","Kentucky",0.4
1509,"Gonzales","Texas",0.4
1510,"Fayette","West Virginia",0.4
1511,"Daviess","Kentucky",0.4
1512,"Ocean","New Jersey",0.4
1513,"Alger","Michigan",0.4
1514,"Clark","Arkansas",0.4
1515,"Pulaski","Kentucky",0.4
1516,"Randolph","West Virginia",0.4
1517,"Newaygo","Michigan",0.4
1518,"Camden","Missouri",0.4
1519,"Swain","North Carolina",0.3
1520,"Curry","Oregon",0.3
1521,"Anderson","Tennessee",0.3
1522,"Tarrant","Texas",0.3
1523,"Scott","Tennessee",0.3
1524,"Massac","Illinois",0.3
1525,"Lewis","Kentucky",0.3
1526,"San Juan","New Mexico",0.3
1527,"Johnson","Indiana",0.3
1528,"Henderson","Texas",0.3
1529,"Simpson","Kentucky",0.3
1530,"Washington","Virginia",0.3
1531,"Angelina","Texas",0.3
1532,"Hickman","Tennessee",0.3
1533,"Wasco","Oregon",0.2
1534,"Charlotte","Florida",0.2
1535,"Glenn","California",0.2
1536,"Carroll","Tennessee",0.2
1537,"Hardee","Florida",0.2
1538,"Monterey","California",0.2
1539,"Rockcastle","Kentucky",0.1
1540,"Lee","Virginia",0.1
1541,"Lake","California",0.1
1542,"Wichita","Texas",0.1
1543,"Washington","Maryland",0.1
1544,"Chautauqua","New York",0.1
1545,"Polk","Oregon",0.1
1546,"Muskingum","Ohio",0.1
1547,"Robertson","Texas",0.1
1548,"Gogebic","Michigan",0
1549,"Campbell","Kentucky",0
1550,"Nacogdoches","Texas",0
1551,"Yadkin","North Carolina",0
1552,"Linn","Oregon",0
1553,"Webster","Louisiana",0
1554,"Ascension","Louisiana",0
1555,"Wagoner","Oklahoma",0
1556,"Whitley","Kentucky",0
1557,"Anderson","Texas",0
1558,"Fentress","Tennessee",-0.1
1559,"Woodford","Kentucky",-0.1
1560,"Allegany","Maryland",-0.1
1561,"Vinton","Ohio",-0.1
1562,"Jones","Mississippi",-0.1
1563,"Henderson","North Carolina",-0.1
1564,"Casey","Kentucky",-0.1
1565,"Highlands","Florida",-0.1
1566,"Monroe","Florida",-0.1
1567,"Hardin","Tennessee",-0.1
1568,"Kankakee","Illinois",-0.1
1569,"Kerr","Texas",-0.1
1570,"Duplin","North Carolina",-0.1
1571,"Jefferson","Illinois",-0.1
1572,"Ohio","West Virginia",-0.2
1573,"Weakley","Tennessee",-0.2
1574,"Lamar","Mississippi",-0.2
1575,"Union","Georgia",-0.2
1576,"Maui","Hawaii",-0.2
1577,"Carter","Kentucky",-0.2
1578,"Uvalde","Texas",-0.2
1579,"Morgan","Illinois",-0.2
1580,"Hillsdale","Michigan",-0.2
1581,"Osceola","Michigan",-0.2
1582,"Otsego","Michigan",-0.2
1583,"Genesee","New York",-0.3
1584,"Warren","Tennessee",-0.3
1585,"El Paso","Texas",-0.3
1586,"Douglas","Nebraska",-0.3
1587,"Winn","Louisiana",-0.3
1588,"Burlington","New Jersey",-0.3
1589,"Colfax","New Mexico",-0.3
1590,"Prince William","Virginia",-0.3
1591,"Bossier","Louisiana",-0.3
1592,"Trinity","Texas",-0.3
1593,"Scott","Iowa",-0.4
1594,"Houston","Georgia",-0.4
1595,"Bay","Florida",-0.4
1596,"Yamhill","Oregon",-0.4
1597,"Hocking","Ohio",-0.4
1598,"Gordon","Georgia",-0.4
1599,"Hot Spring","Arkansas",-0.4
1600,"Lauderdale","Alabama",-0.4
1601,"Antrim","Michigan",-0.4
1602,"Christian","Kentucky",-0.4
1603,"Baker","Florida",-0.4
1604,"Morgan","Alabama",-0.4
1605,"Cheatham","Tennessee",-0.4
1606,"Dawson","Georgia",-0.4
1607,"Orleans","New York",-0.5
1608,"Oakland","Michigan",-0.5
1609,"Grays Harbor","Washington",-0.5
1610,"Lenawee","Michigan",-0.5
1611,"Washington","Missouri",-0.5
1612,"McKean","Pennsylvania",-0.5
1613,"Giles","Tennessee",-0.5
1614,"Sacramento","California",-0.6
1615,"Dade","Florida",-0.6
1616,"Cortland","New York",-0.6
1617,"Waynesboro City","Virginia",-0.6
1618,"Buchanan","Missouri",-0.6
1619,"Wexford","Michigan",-0.6
1620,"Hart","Kentucky",-0.6
1621,"Campbell","Virginia",-0.6
1622,"St Mary","Louisiana",-0.6
1623,"Henrico","Virginia",-0.7
1624,"Canyon","Idaho",-0.7
1625,"Mohave","Arizona",-0.7
1626,"Nassau","New York",-0.7
1627,"Wayne","Mississippi",-0.7
1628,"Lincoln","Maine",-0.7
1629,"McCreary","Kentucky",-0.7
1630,"Rock Island","Illinois",-0.7
1631,"Graham","Arizona",-0.7
1632,"Lawrence","Ohio",-0.7
1633,"Harrison","Mississippi",-0.7
1634,"Harris","Texas",-0.7
1635,"Ada","Idaho",-0.7
1636,"Roberts","South Dakota",-0.7
1637,"Cass","Minnesota",-0.7
1638,"Pike","Georgia",-0.8
1639,"Onondaga","New York",-0.8
1640,"Franklin","New York",-0.8
1641,"Columbia","Georgia",-0.8
1642,"Albemarle","Virginia",-0.8
1643,"Catoosa","Georgia",-0.8
1644,"Loudon","Tennessee",-0.8
1645,"Dunklin","Missouri",-0.8
1646,"Willacy","Texas",-0.8
1647,"Cherokee","North Carolina",-0.8
1648,"Cowlitz","Washington",-0.8
1649,"Luzerne","Pennsylvania",-0.8
1650,"Jefferson","Ohio",-0.9
1651,"Gallia","Ohio",-0.9
1652,"Henry","Indiana",-0.9
1653,"Nevada","California",-0.9
1654,"Madison","Illinois",-0.9
1655,"Mitchell","North Carolina",-0.9
1656,"Escambia","Alabama",-0.9
1657,"Wayne","Kentucky",-0.9
1658,"Fluvanna","Virginia",-0.9
1659,"Franklin","Virginia",-1
1660,"Dutchess","New York",-1
1661,"Vermilion","Illinois",-1
1662,"Madera","California",-1
1663,"Champaign","Illinois",-1
1664,"Jackson","Louisiana",-1
1665,"Blair","Pennsylvania",-1
1666,"Lackawanna","Pennsylvania",-1
1667,"Geary","Kansas",-1.1
1668,"Hopkins","Kentucky",-1.1
1669,"Wilson","Tennessee",-1.1
1670,"Sawyer","Wisconsin",-1.1
1671,"Pickens","Georgia",-1.1
1672,"Coffee","Tennessee",-1.1
1673,"Washington","New York",-1.1
1674,"Prentiss","Mississippi",-1.1
1675,"Cherokee","Alabama",-1.2
1676,"West Feliciana","Louisiana",-1.2
1677,"Estill","Kentucky",-1.2
1678,"Elmore","Alabama",-1.2
1679,"Tehama","California",-1.2
1680,"Columbia","Florida",-1.2
1681,"Red River","Texas",-1.3
1682,"Clermont","Ohio",-1.3
1683,"Clark","Indiana",-1.3
1684,"Gates","North Carolina",-1.3
1685,"Covington","Mississippi",-1.3
1686,"Pickaway","Ohio",-1.3
1687,"McLean","Illinois",-1.3
1688,"Bradley","Arkansas",-1.3
1689,"Jackson","Florida",-1.3
1690,"Salem","New Jersey",-1.3
1691,"Marion","Mississippi",-1.3
1692,"Franklin","Tennessee",-1.3
1693,"Rio Arriba","New Mexico",-1.3
1694,"Van Buren","Michigan",-1.4
1695,"Harrison","West Virginia",-1.4
1696,"Desoto","Florida",-1.4
1697,"Tulsa","Oklahoma",-1.4
1698,"Jackson","Arkansas",-1.4
1699,"Lincoln","Arkansas",-1.4
1700,"Dukes","Massachusetts",-1.4
1701,"Henderson","Kentucky",-1.4
1702,"St Clair","Alabama",-1.4
1703,"Sedgwick","Kansas",-1.4
1704,"Kanawha","West Virginia",-1.5
1705,"Essex","Massachusetts",-1.5
1706,"Ontario","New York",-1.5
1707,"Alpena","Michigan",-1.5
1708,"Erie","Pennsylvania",-1.5
1709,"St Charles","Louisiana",-1.5
1710,"Kalkaska","Michigan",-1.5
1711,"Santa Rosa","Florida",-1.5
1712,"Marion","Missouri",-1.5
1713,"Butler","Missouri",-1.5
1714,"Niagara","New York",-1.5
1715,"Randolph","Missouri",-1.5
1716,"Lake","Montana",-1.5
1717,"Pittsylvania","Virginia",-1.5
1718,"Campbell","Tennessee",-1.6
1719,"Dorchester","South Carolina",-1.6
1720,"Virginia Beach City","Virginia",-1.6
1721,"Litchfield","Connecticut",-1.6
1722,"Claiborne","Tennessee",-1.6
1723,"San Benito","California",-1.6
1724,"Calaveras","California",-1.6
1725,"Franklin","Georgia",-1.6
1726,"Boyle","Kentucky",-1.6
1727,"Haralson","Georgia",-1.6
1728,"Lawrence","Mississippi",-1.7
1729,"Bienville","Louisiana",-1.7
1730,"James City","Virginia",-1.7
1731,"Robertson","Tennessee",-1.7
1732,"Hancock","Maine",-1.8
1733,"Zavala","Texas",-1.8
1734,"Ashtabula","Ohio",-1.8
1735,"Berkshire","Massachusetts",-1.8
1736,"Taos","New Mexico",-1.8
1737,"Marion","Illinois",-1.8
1738,"Knox","Illinois",-1.8
1739,"Appling","Georgia",-1.8
1740,"Lake","Illinois",-1.8
1741,"Marion","Ohio",-1.8
1742,"Richland","Ohio",-1.8
1743,"Alachua","Florida",-1.8
1744,"Cass","Michigan",-1.8
1745,"Wakulla","Florida",-1.8
1746,"Navarro","Texas",-1.9
1747,"Kaufman","Texas",-1.9
1748,"Harford","Maryland",-1.9
1749,"Louisa","Virginia",-1.9
1750,"Benton","Oregon",-1.9
1751,"Oxford","Maine",-1.9
1752,"Shelby","Indiana",-1.9
1753,"Hill","Montana",-2
1754,"Amite","Mississippi",-2
1755,"Warren","New York",-2
1756,"Hendry","Florida",-2
1757,"Marshall","Alabama",-2
1758,"Grimes","Texas",-2
1759,"Jackson","Georgia",-2.1
1760,"Allegheny","Pennsylvania",-2.1
1761,"Summit","Ohio",-2.1
1762,"Cheboygan","Michigan",-2.1
1763,"Levy","Florida",-2.1
1764,"Franklin","Ohio",-2.1
1765,"Polk","Iowa",-2.2
1766,"Howard","Arkansas",-2.2
1767,"Gloucester","New Jersey",-2.2
1768,"King George","Virginia",-2.2
1769,"Lane","Oregon",-2.2
1770,"Walton","Florida",-2.2
1771,"Potter","Texas",-2.2
1772,"Smyth","Virginia",-2.2
1773,"Adair","Oklahoma",-2.2
1774,"Craighead","Arkansas",-2.2
1775,"Rockland","New York",-2.3
1776,"Talladega","Alabama",-2.3
1777,"Luna","New Mexico",-2.3
1778,"Westchester","New York",-2.3
1779,"Lorain","Ohio",-2.3
1780,"Lincoln","Mississippi",-2.3
1781,"Henry","Tennessee",-2.3
1782,"Clarke","Alabama",-2.3
1783,"Waldo","Maine",-2.3
1784,"Chittenden","Vermont",-2.3
1785,"Marquette","Michigan",-2.3
1786,"Lake","Florida",-2.4
1787,"Carter","Tennessee",-2.4
1788,"Poinsett","Arkansas",-2.4
1789,"Rabun","Georgia",-2.4
1790,"Blount","Tennessee",-2.4
1791,"Nevada","Arkansas",-2.4
1792,"St Louis","Missouri",-2.4
1793,"Guadalupe","Texas",-2.4
1794,"Walthall","Mississippi",-2.4
1795,"Crawford","Ohio",-2.4
1796,"Tom Green","Texas",-2.4
1797,"Hunt","Texas",-2.4
1798,"Union","Florida",-2.5
1799,"Queens","New York",-2.5
1800,"Greene","Virginia",-2.5
1801,"Kings","California",-2.5
1802,"Obion","Tennessee",-2.6
1803,"Delaware","Ohio",-2.6
1804,"Osceola","Florida",-2.6
1805,"Beltrami","Minnesota",-2.6
1806,"Sevier","Tennessee",-2.6
1807,"Lubbock","Texas",-2.6
1808,"Santa Fe","New Mexico",-2.6
1809,"Fannin","Georgia",-2.6
1810,"Arkansas","Arkansas",-2.7
1811,"San Miguel","New Mexico",-2.7
1812,"Camden","Georgia",-2.7
1813,"Montgomery","Kentucky",-2.8
1814,"Cross","Arkansas",-2.8
1815,"Monroe","Tennessee",-2.8
1816,"Kootenai","Idaho",-2.8
1817,"Franklin","Louisiana",-2.8
1818,"St Martin","Louisiana",-2.8
1819,"Powell","Kentucky",-2.8
1820,"Wood","West Virginia",-2.8
1821,"Union","Louisiana",-2.8
1822,"Lamar","Texas",-2.9
1823,"Hillsborough","New Hampshire",-2.9
1824,"Cuyahoga","Ohio",-2.9
1825,"Philadelphia","Pennsylvania",-2.9
1826,"Bay","Michigan",-2.9
1827,"Kent","Maryland",-2.9
1828,"Lehigh","Pennsylvania",-2.9
1829,"Houston","Alabama",-2.9
1830,"Shelby","Kentucky",-2.9
1831,"Merced","California",-2.9
1832,"Johnson","Tennessee",-2.9
1833,"Mason","Michigan",-3
1834,"Vilas","Wisconsin",-3
1835,"Brantley","Georgia",-3
1836,"Garland","Arkansas",-3
1837,"Crockett","Tennessee",-3
1838,"Goochland","Virginia",-3
1839,"Schenectady","New York",-3
1840,"Humboldt","California",-3
1841,"Madison","Kentucky",-3
1842,"Simpson","Mississippi",-3
1843,"Columbia","New York",-3
1844,"Montgomery","Texas",-3.1
1845,"Ingham","Michigan",-3.1
1846,"Chattooga","Georgia",-3.1
1847,"Hamilton","Ohio",-3.1
1848,"York","South Carolina",-3.1
1849,"Cabell","West Virginia",-3.1
1850,"Somerset","Maryland",-3.2
1851,"Gregg","Texas",-3.2
1852,"Hampden","Massachusetts",-3.2
1853,"Orange","California",-3.2
1854,"Newton","Mississippi",-3.2
1855,"St James","Louisiana",-3.2
1856,"Falls","Texas",-3.2
1857,"Humphreys","Tennessee",-3.2
1858,"Mecosta","Michigan",-3.2
1859,"Suffolk","Massachusetts",-3.2
1860,"Culpeper","Virginia",-3.2
1861,"Jones","North Carolina",-3.2
1862,"Choctaw","Alabama",-3.2
1863,"Madison","Georgia",-3.3
1864,"Montcalm","Michigan",-3.3
1865,"Roane","Tennessee",-3.3
1866,"Clarke","Mississippi",-3.3
1867,"Bell","Kentucky",-3.3
1868,"Coshocton","Ohio",-3.3
1869,"Randolph","Alabama",-3.3
1870,"Pike","Ohio",-3.4
1871,"Belknap","New Hampshire",-3.4
1872,"Carroll","Georgia",-3.4
1873,"Stephens","Georgia",-3.4
1874,"Ulster","New York",-3.4
1875,"Isabella","Michigan",-3.4
1876,"Baldwin","Alabama",-3.4
1877,"Polk","North Carolina",-3.4
1878,"Dona Ana","New Mexico",-3.5
1879,"Erie","Ohio",-3.5
1880,"Lapeer","Michigan",-3.5
1881,"Anderson","South Carolina",-3.5
1882,"Knox","Maine",-3.5
1883,"Wilkes","North Carolina",-3.5
1884,"Jefferson","Kentucky",-3.5
1885,"Dinwiddie","Virginia",-3.6
1886,"Walker","Texas",-3.6
1887,"Abbeville","South Carolina",-3.6
1888,"Scott","Indiana",-3.6
1889,"Bradley","Tennessee",-3.6
1890,"Whitfield","Georgia",-3.6
1891,"Otero","New Mexico",-3.6
1892,"Butte","California",-3.6
1893,"Pemiscot","Missouri",-3.6
1894,"Jackson","Oregon",-3.6
1895,"Staunton City","Virginia",-3.6
1896,"Houston","Texas",-3.7
1897,"Fayette","Ohio",-3.7
1898,"Jeff Davis","Georgia",-3.7
1899,"Imperial","California",-3.7
1900,"Stark","Ohio",-3.8
1901,"Broward","Florida",-3.8
1902,"Franklin","Kentucky",-3.8
1903,"Mercer","West Virginia",-3.8
1904,"Dyer","Tennessee",-3.8
1905,"Grundy","Tennessee",-3.8
1906,"Jasper","Mississippi",-3.8
1907,"Valencia","New Mexico",-3.9
1908,"Greene","Tennessee",-3.9
1909,"Flagler","Florida",-3.9
1910,"Chatham","North Carolina",-3.9
1911,"San Joaquin","California",-3.9
1912,"Bibb","Alabama",-3.9
1913,"St Clair","Illinois",-3.9
1914,"Bowie","Texas",-3.9
1915,"Worcester","Maryland",-4
1916,"Lake","Indiana",-4
1917,"Rankin","Mississippi",-4
1918,"Coconino","Arizona",-4
1919,"Scioto","Ohio",-4
1920,"Sumter","Florida",-4
1921,"Chatham","Georgia",-4
1922,"Bartow","Georgia",-4
1923,"Hancock","West Virginia",-4.1
1924,"Concordia","Louisiana",-4.1
1925,"Charlton","Georgia",-4.1
1926,"Franklin","Mississippi",-4.1
1927,"Victoria","Texas",-4.1
1928,"Hawkins","Tennessee",-4.1
1929,"Berkeley","South Carolina",-4.1
1930,"Jessamine","Kentucky",-4.2
1931,"Spartanburg","South Carolina",-4.2
1932,"Wayne","Indiana",-4.2
1933,"Pike","Alabama",-4.2
1934,"Etowah","Alabama",-4.2
1935,"De Soto","Louisiana",-4.2
1936,"Warren","Kentucky",-4.2
1937,"New Madrid","Missouri",-4.2
1938,"Grant","New Mexico",-4.3
1939,"McDowell","North Carolina",-4.3
1940,"Pender","North Carolina",-4.3
1941,"Indian River","Florida",-4.3
1942,"Pasco","Florida",-4.3
1943,"Muskogee","Oklahoma",-4.3
1944,"Calhoun","Alabama",-4.3
1945,"Bradford","Florida",-4.3
1946,"Carteret","North Carolina",-4.3
1947,"Hampton City","Virginia",-4.4
1948,"Talbot","Maryland",-4.4
1949,"Shiawassee","Michigan",-4.4
1950,"Bedford","Tennessee",-4.4
1951,"Ashley","Arkansas",-4.4
1952,"Pearl River","Mississippi",-4.4
1953,"Bedford City","Virginia",-4.4
1954,"Murray","Georgia",-4.4
1955,"Baltimore","Maryland",-4.4
1956,"Union","Arkansas",-4.4
1957,"Fayette","Pennsylvania",-4.4
1958,"Bristol City","Virginia",-4.5
1959,"Onslow","North Carolina",-4.5
1960,"Socorro","New Mexico",-4.5
1961,"Washington","Texas",-4.5
1962,"Jackson","Ohio",-4.5
1963,"Monroe","Mississippi",-4.6
1964,"Webb","Texas",-4.6
1965,"Jackson","Missouri",-4.6
1966,"Fayette","Indiana",-4.6
1967,"McCracken","Kentucky",-4.6
1968,"Manatee","Florida",-4.6
1969,"Washington","Louisiana",-4.6
1970,"Cape May","New Jersey",-4.6
1971,"Hidalgo","Texas",-4.6
1972,"Telfair","Georgia",-4.7
1973,"DeKalb","Georgia",-4.7
1974,"Douglas","Georgia",-4.8
1975,"Walton","Georgia",-4.8
1976,"Essex","Virginia",-4.8
1977,"Trinity","California",-4.8
1978,"Ross","Ohio",-4.8
1979,"Iosco","Michigan",-4.8
1980,"Henry","Virginia",-4.8
1981,"Miller","Arkansas",-4.8
1982,"Westmoreland","Virginia",-4.8
1983,"Southampton","Virginia",-4.9
1984,"Montgomery","Mississippi",-4.9
1985,"Johnston","North Carolina",-4.9
1986,"Bell","Texas",-4.9
1987,"Alcorn","Mississippi",-4.9
1988,"Clay","Kentucky",-4.9
1989,"Pueblo","Colorado",-4.9
1990,"Kent","Michigan",-4.9
1991,"Mason","Kentucky",-4.9
1992,"Vigo","Indiana",-5
1993,"Wayne","Georgia",-5
1994,"Scott","Kentucky",-5
1995,"Washington","Tennessee",-5
1996,"Wilkinson","Mississippi",-5
1997,"Harris","Georgia",-5
1998,"Roscommon","Michigan",-5
1999,"Mississippi","Missouri",-5.1
2000,"Carroll","Mississippi",-5.1
2001,"Drew","Arkansas",-5.1
2002,"Ashe","North Carolina",-5.1
2003,"Colleton","South Carolina",-5.1
2004,"Bristol","Massachusetts",-5.1
2005,"Nash","North Carolina",-5.1
2006,"Dallas","Texas",-5.1
2007,"West Baton Rouge","Louisiana",-5.1
2008,"Emanuel","Georgia",-5.2
2009,"Dodge","Georgia",-5.2
2010,"Pickens","South Carolina",-5.2
2011,"Webster","Mississippi",-5.2
2012,"Fayette","Kentucky",-5.2
2013,"Charlevoix","Michigan",-5.2
2014,"Pickens","Alabama",-5.2
2015,"Red River","Louisiana",-5.2
2016,"Iberville","Louisiana",-5.2
2017,"Kershaw","South Carolina",-5.2
2018,"Caroline","Maryland",-5.2
2019,"Peach","Georgia",-5.3
2020,"Florence","South Carolina",-5.3
2021,"Putnam","Florida",-5.3
2022,"Henry","Alabama",-5.3
2023,"Monroe","Arkansas",-5.3
2024,"Sussex","Virginia",-5.3
2025,"Greene","Ohio",-5.3
2026,"Hernando","Florida",-5.4
2027,"Avoyelles","Louisiana",-5.4
2028,"Lancaster","Virginia",-5.4
2029,"Nottoway","Virginia",-5.4
2030,"Kalamazoo","Michigan",-5.4
2031,"Ware","Georgia",-5.4
2032,"Martin","Florida",-5.4
2033,"Crawford","Michigan",-5.4
2034,"Brunswick","Virginia",-5.4
2035,"Clark","Ohio",-5.5
2036,"Tangipahoa","Louisiana",-5.5
2037,"Lee","Georgia",-5.5
2038,"Ouachita","Louisiana",-5.5
2039,"Shawnee","Kansas",-5.5
2040,"Hancock","Mississippi",-5.5
2041,"Hays","Texas",-5.5
2042,"Sampson","North Carolina",-5.5
2043,"Caldwell","Texas",-5.6
2044,"Lincoln","Oregon",-5.6
2045,"Breathitt","Kentucky",-5.6
2046,"Pointe Coupee","Louisiana",-5.6
2047,"Oklahoma","Oklahoma",-5.6
2048,"White","Tennessee",-5.6
2049,"Craven","North Carolina",-5.6
2050,"Alameda","California",-5.6
2051,"Hamblen","Tennessee",-5.6
2052,"Boone","Missouri",-5.7
2053,"St Tammany","Louisiana",-5.7
2054,"Rowan","Kentucky",-5.7
2055,"Montgomery","North Carolina",-5.7
2056,"Brevard","Florida",-5.7
2057,"Douglas","Oregon",-5.8
2058,"Hawaii","Hawaii",-5.8
2059,"Vanderburgh","Indiana",-5.8
2060,"Kings","New York",-5.8
2061,"Marion","Florida",-5.8
2062,"Grady","Georgia",-5.8
2063,"Claiborne","Louisiana",-5.8
2064,"Mecklenburg","Virginia",-5.8
2065,"Mobile","Alabama",-5.8
2066,"Bertie","North Carolina",-5.9
2067,"Hart","Georgia",-5.9
2068,"Jones","Georgia",-5.9
2069,"Polk","Georgia",-5.9
2070,"Tulare","California",-5.9
2071,"Berrien","Georgia",-6
2072,"Chemung","New York",-6
2073,"Cocke","Tennessee",-6
2074,"Autauga","Alabama",-6
2075,"Gwinnett","Georgia",-6
2076,"Lee","Mississippi",-6
2077,"Taylor","Florida",-6.1
2078,"Camden","New Jersey",-6.1
2079,"Jackson","Illinois",-6.1
2080,"Jackson","Mississippi",-6.1
2081,"St Lucie","Florida",-6.1
2082,"St Francis","Arkansas",-6.1
2083,"Dauphin","Pennsylvania",-6.1
2084,"Lenoir","North Carolina",-6.1
2085,"Montgomery","Alabama",-6.2
2086,"Chesapeake City","Virginia",-6.2
2087,"Dare","North Carolina",-6.2
2088,"El Paso","Colorado",-6.2
2089,"Darlington","South Carolina",-6.2
2090,"Humphreys","Mississippi",-6.2
2091,"Trigg","Kentucky",-6.2
2092,"Boyd","Kentucky",-6.2
2093,"Clayton","Georgia",-6.3
2094,"Mississippi","Arkansas",-6.3
2095,"Racine","Wisconsin",-6.3
2096,"Transylvania","North Carolina",-6.4
2097,"Walker","Georgia",-6.4
2098,"Limestone","Alabama",-6.5
2099,"Saluda","South Carolina",-6.5
2100,"Allen","Indiana",-6.5
2101,"Hamilton","Florida",-6.5
2102,"Sullivan","Tennessee",-6.6
2103,"St Bernard","Louisiana",-6.6
2104,"Cabarrus","North Carolina",-6.6
2105,"Washington","Maine",-6.6
2106,"Buckingham","Virginia",-6.6
2107,"Lucas","Ohio",-6.6
2108,"Lincoln","North Carolina",-6.6
2109,"Bourbon","Kentucky",-6.7
2110,"Hopewell City","Virginia",-6.7
2111,"Jefferson","West Virginia",-6.7
2112,"Lunenburg","Virginia",-6.7
2113,"McLennan","Texas",-6.7
2114,"Wyandotte","Kansas",-6.8
2115,"Marshall","Mississippi",-6.8
2116,"Shelby","Alabama",-6.8
2117,"Allen","Ohio",-6.8
2118,"Cibola","New Mexico",-6.8
2119,"Wicomico","Maryland",-6.8
2120,"Perquimans","North Carolina",-6.8
2121,"Caroline","Virginia",-6.9
2122,"La Paz","Arizona",-6.9
2123,"Cobb","Georgia",-6.9
2124,"East Feliciana","Louisiana",-6.9
2125,"Colbert","Alabama",-7
2126,"Cook","Georgia",-7
2127,"Rapides","Louisiana",-7
2128,"Granville","North Carolina",-7
2129,"Caldwell","North Carolina",-7
2130,"Maury","Tennessee",-7.1
2131,"Livingston","Michigan",-7.1
2132,"Bexar","Texas",-7.1
2133,"Kenton","Kentucky",-7.1
2134,"Hardeman","Tennessee",-7.1
2135,"Liberty","Georgia",-7.1
2136,"Burke","North Carolina",-7.2
2137,"Iberia","Louisiana",-7.2
2138,"Knox","Tennessee",-7.2
2139,"Greene","North Carolina",-7.2
2140,"Kenosha","Wisconsin",-7.2
2141,"Ben Hill","Georgia",-7.2
2142,"Beaufort","North Carolina",-7.2
2143,"Broome","New York",-7.3
2144,"Lafayette","Louisiana",-7.3
2145,"Seminole","Florida",-7.3
2146,"Williamsburg","South Carolina",-7.3
2147,"Appomattox","Virginia",-7.3
2148,"Clark","Kentucky",-7.3
2149,"Leon","Florida",-7.4
2150,"Ouachita","Arkansas",-7.4
2151,"Butler","Alabama",-7.5
2152,"Decatur","Georgia",-7.5
2153,"Hempstead","Arkansas",-7.5
2154,"Macon","Illinois",-7.5
2155,"Monroe","Alabama",-7.5
2156,"Howard","Indiana",-7.5
2157,"Greenwood","South Carolina",-7.5
2158,"Travis","Texas",-7.5
2159,"Sangamon","Illinois",-7.5
2160,"Harnett","North Carolina",-7.5
2161,"Attala","Mississippi",-7.6
2162,"Jasper","Georgia",-7.6
2163,"Bernalillo","New Mexico",-7.6
2164,"LaPorte","Indiana",-7.6
2165,"Halifax","Virginia",-7.6
2166,"Prince Edward","Virginia",-7.6
2167,"Lee","North Carolina",-7.7
2168,"Taylor","Georgia",-7.7
2169,"Columbus","North Carolina",-7.7
2170,"Clarendon","South Carolina",-7.7
2171,"Brazos","Texas",-7.7
2172,"Tallapoosa","Alabama",-7.7
2173,"Rutherford","North Carolina",-7.7
2174,"Davidson","Tennessee",-7.8
2175,"Upson","Georgia",-7.8
2176,"Gila","Arizona",-7.8
2177,"Grant","Indiana",-7.9
2178,"Union","North Carolina",-7.9
2179,"Pulaski","Virginia",-7.9
2180,"Polk","Florida",-7.9
2181,"Elbert","Georgia",-7.9
2182,"St Johns","Florida",-8
2183,"Calhoun","Michigan",-8
2184,"Turner","Georgia",-8
2185,"Gibson","Tennessee",-8.1
2186,"Coweta","Georgia",-8.1
2187,"Pitt","North Carolina",-8.1
2188,"Tuscaloosa","Alabama",-8.1
2189,"Jackson","Michigan",-8.2
2190,"Toombs","Georgia",-8.2
2191,"Person","North Carolina",-8.2
2192,"Calhoun","Mississippi",-8.2
2193,"Madison","Florida",-8.2
2194,"Catawba","North Carolina",-8.3
2195,"Conecuh","Alabama",-8.3
2196,"Lafayette","Mississippi",-8.3
2197,"Lexington","South Carolina",-8.3
2198,"Natchitoches","Louisiana",-8.3
2199,"Bulloch","Georgia",-8.3
2200,"Butts","Georgia",-8.3
2201,"Fairfield","Connecticut",-8.3
2202,"Berkeley","West Virginia",-8.3
2203,"New Haven","Connecticut",-8.4
2204,"Athens","Ohio",-8.4
2205,"Lowndes","Alabama",-8.5
2206,"Coffee","Georgia",-8.5
2207,"Thomas","Georgia",-8.5
2208,"Adams","Mississippi",-8.5
2209,"Dooly","Georgia",-8.5
2210,"Peoria","Illinois",-8.5
2211,"Roosevelt","Montana",-8.6
2212,"Dorchester","Maryland",-8.6
2213,"Hampton","South Carolina",-8.6
2214,"Jenkins","Georgia",-8.6
2215,"Essex","New Jersey",-8.6
2216,"Newport News City","Virginia",-8.7
2217,"Accomack","Virginia",-8.7
2218,"Martin","North Carolina",-8.7
2219,"Madison","Indiana",-8.7
2220,"Moore","North Carolina",-8.7
2221,"Del Norte","California",-8.7
2222,"New Castle","Delaware",-8.8
2223,"Trumbull","Ohio",-8.8
2224,"Bladen","North Carolina",-8.8
2225,"Jasper","South Carolina",-8.8
2226,"Worth","Georgia",-8.8
2227,"Winnebago","Illinois",-8.8
2228,"Desha","Arkansas",-8.9
2229,"Chambers","Alabama",-8.9
2230,"Sarasota","Florida",-8.9
2231,"Mendocino","California",-8.9
2232,"Iredell","North Carolina",-8.9
2233,"Montgomery","Ohio",-8.9
2234,"San Bernardino","California",-9
2235,"Tate","Mississippi",-9
2236,"Charleston","South Carolina",-9
2237,"Monroe","New York",-9.1
2238,"Caswell","North Carolina",-9.2
2239,"Jefferson Davis","Mississippi",-9.2
2240,"Barnwell","South Carolina",-9.2
2241,"Kent","Delaware",-9.2
2242,"Barrow","Georgia",-9.2
2243,"Caddo","Louisiana",-9.3
2244,"Pasquotank","North Carolina",-9.3
2245,"Cherokee","Georgia",-9.3
2246,"Wilkes","Georgia",-9.3
2247,"Hale","Alabama",-9.3
2248,"Lamar","Georgia",-9.4
2249,"Orange","New York",-9.4
2250,"Newberry","South Carolina",-9.4
2251,"Calhoun","South Carolina",-9.4
2252,"Hamilton","Tennessee",-9.4
2253,"Laurens","South Carolina",-9.5
2254,"Evans","Georgia",-9.5
2255,"Jefferson","Arkansas",-9.5
2256,"Chesterfield","South Carolina",-9.5
2257,"Edgecombe","North Carolina",-9.5
2258,"Chickasaw","Mississippi",-9.5
2259,"Warren","North Carolina",-9.5
2260,"Shelby","Tennessee",-9.6
2261,"Saginaw","Michigan",-9.6
2262,"Brooks","Georgia",-9.6
2263,"Orangeburg","South Carolina",-9.6
2264,"Scott","Mississippi",-9.6
2265,"Marengo","Alabama",-9.6
2266,"Oconee","South Carolina",-9.6
2267,"Tattnall","Georgia",-9.7
2268,"Richland","Louisiana",-9.7
2269,"Dallas","Arkansas",-9.7
2270,"Pike","Mississippi",-9.8
2271,"Richmond","New York",-9.9
2272,"Columbia","Arkansas",-9.9
2273,"Rockingham","North Carolina",-9.9
2274,"Delaware","Indiana",-9.9
2275,"Suffolk City","Virginia",-9.9
2276,"Lincoln","Louisiana",-10
2277,"Washtenaw","Michigan",-10.1
2278,"Bleckley","Georgia",-10.1
2279,"Jefferson","Alabama",-10.1
2280,"Hertford","North Carolina",-10.2
2281,"Orange","North Carolina",-10.2
2282,"Beaufort","South Carolina",-10.2
2283,"Screven","Georgia",-10.3
2284,"Fayette","Tennessee",-10.4
2285,"Pinal","Arizona",-10.4
2286,"Muskegon","Michigan",-10.4
2287,"Chester","South Carolina",-10.4
2288,"Mahoning","Ohio",-10.5
2289,"Franklin","North Carolina",-10.5
2290,"Lowndes","Georgia",-10.5
2291,"Colquitt","Georgia",-10.5
2292,"Alamance","North Carolina",-10.6
2293,"Lee","Alabama",-10.6
2294,"Davidson","North Carolina",-10.6
2295,"Troup","Georgia",-10.6
2296,"Sumter","South Carolina",-10.6
2297,"Los Angeles","California",-10.6
2298,"Jefferson","Florida",-10.7
2299,"Pulaski","Georgia",-10.7
2300,"Lynchburg City","Virginia",-10.8
2301,"Wilkinson","Georgia",-10.8
2302,"Volusia","Florida",-10.8
2303,"New York","New York",-10.9
2304,"Chowan","North Carolina",-10.9
2305,"Galveston","Texas",-10.9
2306,"Floyd","Georgia",-10.9
2307,"Cherokee","South Carolina",-10.9
2308,"Passaic","New Jersey",-11
2309,"St John The Baptist","Louisiana",-11.1
2310,"Sandoval","New Mexico",-11.1
2311,"Morehouse","Louisiana",-11.2
2312,"Riverside","California",-11.2
2313,"Lee","Florida",-11.2
2314,"Washington","Georgia",-11.3
2315,"Franklin City","Virginia",-11.3
2316,"Emporia City","Virginia",-11.3
2317,"Barbour","Alabama",-11.3
2318,"Palm Beach","Florida",-11.3
2319,"Mitchell","Georgia",-11.3
2320,"Russell","Alabama",-11.3
2321,"Muscogee","Georgia",-11.3
2322,"Noxubee","Mississippi",-11.4
2323,"Durham","North Carolina",-11.4
2324,"Wake","North Carolina",-11.4
2325,"Cleveland","North Carolina",-11.4
2326,"Apache","Arizona",-11.4
2327,"Forrest","Mississippi",-11.4
2328,"McDuffie","Georgia",-11.5
2329,"Washington","North Carolina",-11.5
2330,"Coosa","Alabama",-11.5
2331,"Copiah","Mississippi",-11.6
2332,"Richmond","North Carolina",-11.6
2333,"Halifax","North Carolina",-11.6
2334,"Cumberland","New Jersey",-11.6
2335,"Seminole","Georgia",-11.6
2336,"Fulton","Georgia",-11.6
2337,"Berrien","Michigan",-11.7
2338,"Sumter","Alabama",-11.7
2339,"Kane","Illinois",-11.7
2340,"Wilcox","Alabama",-11.7
2341,"New Hanover","North Carolina",-11.7
2342,"Laurens","Georgia",-11.8
2343,"Lowndes","Mississippi",-11.8
2344,"Kemper","Mississippi",-11.8
2345,"Sussex","Delaware",-11.8
2346,"Dallas","Alabama",-11.9
2347,"Bullock","Alabama",-11.9
2348,"Randolph","Georgia",-11.9
2349,"Denver","Colorado",-12
2350,"Marion","Indiana",-12.1
2351,"Vance","North Carolina",-12.1
2352,"Wayne","North Carolina",-12.1
2353,"Pima","Arizona",-12.2
2354,"Union","South Carolina",-12.2
2355,"Aiken","South Carolina",-12.2
2356,"Neshoba","Mississippi",-12.3
2357,"Jefferson","Mississippi",-12.3
2358,"Bronx","New York",-12.3
2359,"Milwaukee","Wisconsin",-12.3
2360,"Perry","Alabama",-12.3
2361,"Jefferson","Oregon",-12.4
2362,"Rosebud","Montana",-12.4
2363,"Danville City","Virginia",-12.4
2364,"Bamberg","South Carolina",-12.5
2365,"Warren","Mississippi",-12.5
2366,"Wayne","Michigan",-12.5
2367,"Chicot","Arkansas",-12.6
2368,"Tipton","Tennessee",-12.6
2369,"Richmond","Georgia",-12.6
2370,"Bibb","Georgia",-12.6
2371,"Navajo","Arizona",-12.7
2372,"Lee","Arkansas",-12.7
2373,"Lauderdale","Tennessee",-12.7
2374,"Northampton","North Carolina",-12.8
2375,"Sharkey","Mississippi",-12.8
2376,"Madison","Mississippi",-12.9
2377,"Clay","Mississippi",-12.9
2378,"Tift","Georgia",-12.9
2379,"Lancaster","South Carolina",-12.9
2380,"Winston","Mississippi",-12.9
2381,"Fresno","California",-12.9
2382,"Glynn","Georgia",-13
2383,"Yalobusha","Mississippi",-13
2384,"Crisp","Georgia",-13.1
2385,"Putnam","Georgia",-13.1
2386,"Buncombe","North Carolina",-13.1
2387,"Dillon","South Carolina",-13.1
2388,"Meriwether","Georgia",-13.1
2389,"Jefferson","Louisiana",-13.1
2390,"Rowan","North Carolina",-13.2
2391,"Wilson","North Carolina",-13.2
2392,"Crittenden","Arkansas",-13.2
2393,"Bethel","Alaska",-13.2
2394,"Morgan","Georgia",-13.3
2395,"Jefferson","Georgia",-13.3
2396,"Georgetown","South Carolina",-13.3
2397,"Lauderdale","Mississippi",-13.3
2398,"Cook","Illinois",-13.3
2399,"Norfolk City","Virginia",-13.4
2400,"Macon","Alabama",-13.4
2401,"Orange","Florida",-13.5
2402,"Hillsborough","Florida",-13.5
2403,"Madison","Louisiana",-13.5
2404,"Oktibbeha","Mississippi",-13.6
2405,"McCormick","South Carolina",-13.8
2406,"Portsmouth City","Virginia",-13.8
2407,"Greene","Georgia",-13.8
2408,"Mecklenburg","North Carolina",-13.8
2409,"Hoke","North Carolina",-13.8
2410,"East Baton Rouge","Louisiana",-13.9
2411,"Charlottesville City","Virginia",-13.9
2412,"Haywood","Tennessee",-14
2413,"Marlboro","South Carolina",-14
2414,"Dougherty","Georgia",-14.1
2415,"Martinsville City","Virginia",-14.2
2416,"Brunswick","North Carolina",-14.3
2417,"Baldwin","Georgia",-14.3
2418,"Panola","Mississippi",-14.5
2419,"St Louis City","Missouri",-14.5
2420,"Will","Illinois",-14.5
2421,"Early","Georgia",-14.5
2422,"Gaston","North Carolina",-14.5
2423,"Terrell","Georgia",-14.6
2424,"Rolette","North Dakota",-14.7
2425,"Greene","Alabama",-14.7
2426,"Anson","North Carolina",-14.7
2427,"Northampton","Virginia",-14.7
2428,"Holmes","Mississippi",-14.7
2429,"Sumter","Georgia",-14.8
2430,"Richmond City","Virginia",-14.8
2431,"Escambia","Florida",-14.8
2432,"Petersburg City","Virginia",-14.8
2433,"Marion","South Carolina",-14.9
2434,"Edgefield","South Carolina",-15
2435,"East Carroll","Louisiana",-15
2436,"Burke","Georgia",-15
2437,"Gadsden","Florida",-15
2438,"Robeson","North Carolina",-15
2439,"Allendale","South Carolina",-15.1
2440,"Quitman","Mississippi",-15.2
2441,"Guilford","North Carolina",-15.2
2442,"Phillips","Arkansas",-15.5
2443,"Lee","South Carolina",-15.6
2444,"Madison","Tennessee",-15.7
2445,"Hancock","Georgia",-15.9
2446,"Tallahatchie","Mississippi",-15.9
2447,"Bolivar","Mississippi",-15.9
2448,"Fairfield","South Carolina",-16
2449,"Leflore","Mississippi",-16
2450,"Grenada","Mississippi",-16.1
2451,"Scotland","North Carolina",-16.2
2452,"Clarke","Georgia",-16.2
2453,"Richland","South Carolina",-16.3
2454,"Greenville","South Carolina",-16.5
2455,"Atlantic","New Jersey",-16.5
2456,"Monroe","Georgia",-16.5
2457,"Big Horn","Montana",-16.7
2458,"Washington","Mississippi",-16.8
2459,"Nome","Alaska",-16.9
2460,"Cumberland","North Carolina",-17.1
2461,"Spalding","Georgia",-17.1
2462,"Sunflower","Mississippi",-17.2
2463,"Baltimore City","Maryland",-17.3
2464,"Madison","Alabama",-17.8
2465,"Tunica","Mississippi",-18
2466,"Claiborne","Mississippi",-18
2467,"Horry","South Carolina",-18.2
2468,"Roanoke City","Virginia",-18.2
2469,"Coahoma","Mississippi",-18.8
2470,"Yazoo","Mississippi",-18.9
2471,"Glacier","Montana",-18.9
2472,"McKinley","New Mexico",-19.2
2473,"Orleans","Louisiana",-19.2
2474,"Genesee","Michigan",-19.5
2475,"Hinds","Mississippi",-21.5
2476,"Forsyth","North Carolina",-23.8
2477,"Todd","South Dakota",-31.6
2478,"Shannon","South Dakota",-34.7
NA,"","",NA
NA,"","",NA
